499654909265203201,2014-08-13 17:33:08 -0300,"Grupo de moradores realizam manifesta√ß√£o na Rod Norte Sul, na altura do Pronto Atendimento de Carapina, na Serra. [@cbnvitoria]",,,Grande Vit√≥ria - ES- Brasil,1.0
499627820646412288,2014-08-13 15:45:29 -0300,"Manifesta√ß√£o ocupa pista do Viaduto Jacare√≠, no Centro: Grupo estava em frente √† C√¢mara Municipal.... http://t‚Ä¶",,,"",1.0
499578120001691650,2014-08-13 12:28:00 -0300,Mais uma manifesta√ß√£o em apoio √†s ocupa√ß√µes fecha o tr√¢nsito em BH http://t.co/otB9KTc4A1,,,Minas Gerais,1.0
499571418401882113,2014-08-13 12:01:22 -0300,Manifesta√ß√£o contra desocupa√ß√£o do Isidoro na pra√ßa S√£o Vicente. Integrantes de ocupa√ß√µes colocaram fogo em pneus.,,,S√£o Jo√£o del Rei - MG,1.0
499292345339486208,2014-08-12 17:32:26 -0300,Integrantes de ocupacoes da capital e da regiao metropolitana realizam manifestacao no Centro de BH. -Marcelo Martins http://t.co/ENAQvDrfVZ,,,Belo Horizonte,1.0
499292408686084098,2014-08-12 17:32:41 -0300,"#S√© Manifesta√ß√£o na Av. Brigadeiro Luis Antonio, ocupa uma faixa. (CET) #spagora",,,"S√£o Paulo, Brazil",1.0
499296111648321537,2014-08-12 17:47:24 -0300,Integrantes de ocupacoes da capital e da regiao metropolitana realizam manifestacao no Centro de BH. -Marcelo Martins http://t.‚Ä¶,,,Brasil,1.0
498910226482204672,2014-08-11 16:14:01 -0300,"Moradores de ocupa√ß√µes continuam realizando manifesta√ß√£o em frente ao Pal√°cio da Liberdade, inteditando agora duas pistas‚Ä¶",,,Belo Horizonte,1.0
496407409775374336,2014-08-04 18:28:43 -0300,"18h24 Manifesta√ß√£o: Viaduto do Ch√°, ocupa√ß√£o total, em ambos os sentidos. #ZC",,,S√£o Paulo - SP,1.0
496678259237875712,2014-08-05 12:24:59 -0300,"Manifesta√ß√£o ocupa totalmente a Rua L√≠bero Badar√≥, na altura da Pra√ßa do Patriarca. #poenaradiosulamericatransito",,,S√£o Paulo,1.0
496794119302561792,2014-08-05 20:05:22 -0300,"Uma manifesta√ß√£o ocupa totalmente a Avenida dos Nacionalistas, na altura da Avenida Aguiar da Beira, nos dois sentidos.",,,S√£o Paulo,1.0
497351075318755329,2014-08-07 08:58:31 -0300,Ta tendo manifesta√ß√£o e por isso vou chegar tarde no trabalho. Por causa de desocupados escrotos.,,,"",1.0
497406493562785792,2014-08-07 12:38:44 -0300,"Manifesta√ß√£o ocupa totalmente a avenida Corifeu de Azevedo Marques, no port√£o 3 da USP, no sentido do bairro.",,,S√£o Paulo,1.0
497333925350752256,2014-08-07 07:50:22 -0300,"Uma manifesta√ß√£o de funcion√°rios da USP bloqueia agora totalmente a Avenida Afranio Peixoto, sentido √∫nico, perto da Rua Alvarenga.",,,S√£o Paulo/Brasil,1.0
496669322547560448,2014-08-05 11:49:28 -0300,"MANIFESTA√á√ÉO: Bloqueio total da Rua Boa Vista, sentido √∫nico, na altura do P√°tio do Col√©gio.",,,kuwait,1.0
499153443416997888,2014-08-12 08:20:29 -0300,Bom dia! Nessa manh√£ est√° acontecendo uma manifesta√ß√£o no Contorno Leste. Ao longo de nossa programa√ß√£o traremos todas as informa√ß√µes.,,,Curitiba,1.0
499577892414976000,2014-08-13 12:27:05 -0300,Funcion√°rios da Copasa fazem manifesta√ß√£o por reajuste salarial,,,Contagem / MG,1.0
499339362664857601,2014-08-12 20:39:15 -0300,Manifestantes bloqueiam vias no centro e na zona sul de S√£o Paulo: Duas manifesta√ß√£o ainda bloqueiam,,,"",1.0
499338279398178816,2014-08-12 20:34:57 -0300,Manifesta√ß√£o do MST mant√©m dois bloqueios em rodovias do PR,,,"",1.0
496366717116100608,2014-08-04 15:47:02 -0300,Moradores realizam manifesta√ß√£o devido atraso na reforma de ponte: http://t.co/qtq4kFXy6P via @YouTube,,,Santa Catarina - Brasil,1.0
496367572355264512,2014-08-04 15:50:25 -0300,RT @ Alunos da UFSC fazem manifesta√ß√£o em Florian√≥polis em apoio ao povo palestino http://t.co/WMBY18wFrc via @ND_Online,,,"Praia da Solid√£o, Floripa",1.0
495310099687415809,2014-08-01 17:48:24 -0300,"Por isso. RT @gazetaonline Moradores realizam manifesta√ß√£o e interditam Avenida Luciano das Neves, em Vila Velha http://t.co/hozvoc4xws",,,ES,1.0
495313274469351424,2014-08-01 18:01:01 -0300,Ao vivo!Manifesta√ß√£o contra o aumento da pasagem . Campinas SP! http://t.co/9eeOHko1iX,,,"Campinas, S√£o Paulo",1.0
495297948692258817,2014-08-01 17:00:07 -0300,RT @_theiron: #OperacaoBetaLab Professores realizam manifesta√ß√£o contra decis√£o judicial em Fortaleza: Liminar... http://t.co/XNsOygGiAg #S‚Ä¶,,,S√£o F√©lix do Xingu,1.0
496773730362982401,2014-08-05 18:44:21 -0300,"RT @EPTC_POA: 17h51 - Congestionamento devido √† manifesta√ß√£o na Av. Cavalhada, em frente Instituto Santa Luzia, j√° chega at√© a Av. Nonoai.",,,"Porto Alegre, Brasilz√£o!",1.0
496694212218200064,2014-08-05 13:28:22 -0300,Manifesta√ß√£o dos m√©dicos de Natal em frente √† Prefeitura: http://t.co/KfePqwmvBY via @YouTube,,,Natal-RN,1.0
496686027856437248,2014-08-05 12:55:51 -0300,"Manifesta√ß√£o interdita totalmente a avenida Brigadeiro Lu√≠s Ant√¥nio, na altura da rua Riachuelo. #poenaradiosulamericatransito",,,S√£o Paulo,1.0
496685010423132160,2014-08-05 12:51:49 -0300,"RT @rstnoar: Manifesta√ß√£o ocupa totalmente a Rua L√≠bero Badar√≥, na altura da Pra√ßa do Patriarca. #poenaradiosulamericatransito",,,GRUPO DI√ÅRIO,1.0
499560708799860736,2014-08-13 11:18:49 -0300,Manifesta√ß√£o em frente a UFMG interdita  Av Antonio Carlos sentido centro ! Evitem o local !,,,"BH , BRASIL",1.0
499249246672277504,2014-08-12 14:41:10 -0300,"RT @CETSP_: 19h59 Atualiza√ß√£o: Manifesta√ß√£o em passeata interdita Rua Augusta, sentido Centro, pr√≥ximo √† Rua Ant√¥nio Carlos. #ZC",,,"",1.0
498144793638092801,2014-08-09 13:32:28 -0300,"Protesto interdita rodovia Arthur Bernardes, em Bel√©m: Moradores de √°rea de invas√£o fazem manifesta√ß√£o neste s... http://t.co/ydPfGC6zcC",,,"",1.0
497870736455782401,2014-08-08 19:23:28 -0300,Manifesta√ß√£o de professores interdita vias no centro do Rio: Cerca de 100 professores realizam uma manifesta... http://t.co/z2cbofKPmk,,,"",1.0
497871207325511680,2014-08-08 19:25:20 -0300,"19h24 Manifesta√ß√£o na Av. Paulista, sentido Consola√ß√£o #ZC",,,S√£o Paulo - SP,1.0
494346485321179137,2014-07-30 01:59:21 -0300,Manifesta√ß√£o contra a privatiza√ß√£o da CTA e aumento da tarifa http://t.co/TwMb8vcwcX,,,Araraquara / Brasil,1.0
499654427569971200,2014-08-13 17:31:13 -0300,"Grupo de moradores realizam manifesta√ß√£o na Rod Norte Sul, na altura do Pronto Atendimento de Carapina, na Serra.",,,"",1.0
495192352706007041,2014-08-01 10:00:31 -0300,Mais de 2000 moradores de Quedas do Igua√ßu participaram da manifesta√ß√£o em favor da Araupel em Nova Laranjeiras - http://t.co/bt2aPSIsjh,,,"",1.0
495191979261964289,2014-08-01 09:59:02 -0300,"RT @Jornalismo106: Tr√¢nsito tranquilo na Barragem do Bacanga. Mesmo com manifesta√ß√£o de moradores na Areinha, fluxo est√° normal @universida‚Ä¶",,,S√£o Lu√≠s/MA,1.0
495217077007826944,2014-08-01 11:38:46 -0300,Equipe Olhar Atento: Manifesta√ß√£o em Campinas http://t.co/tcC49rWYWC,,,"Campinas, SP",1.0
505054087801360384,2014-08-28 15:07:32 -0300,"Motoristas de √¥nibus de Mau√° realizam manifesta√ß√£o: Motoristas de √¥nibus de Mau√°, munic√≠pio da regi√£o metropol... http://t.co/W3dmc1WJV5",,,"",1.0
505049061968203776,2014-08-28 14:47:34 -0300,Aprovados no concurso da Deso fazem manifesta√ß√£o em Aracaju: Manifestantes querem convoca√ß√£o de aprovados no c... http://t.co/28BR7bFthb,,,"",1.0
495151830645485568,2014-08-01 07:19:30 -0300,Manifesta√ß√£o em S√£o¬†Jos√© http://t.co/MwcReGMd7z,,,Vale do Para√≠ba / SP,1.0
495184518584614912,2014-08-01 09:29:23 -0300,Manifesta√ß√£o causa congestionamento na Avenida dos Africanos http://t.co/O6jeb5CRZ0,,,"S√£o Lu√≠s, MA",1.0
495217077007826944,2014-08-01 11:38:46 -0300,Manifesta√ß√£o em Campinas,,,"Campinas, SP",1.0
497796281646215168,2014-08-08 14:27:36 -0300,Manifesta√ß√£o fecha BR-324 em Feira de Santana na manh√£ desta sexta-feira http://t.co/WEOXBYY9W5 http://t.co/8nrL2oLpgr,,,Olho D'√°gua Das Flores,1.0
497799569208799233,2014-08-08 14:40:40 -0300,Ta tendo uma manifesta√ß√£o pr√≥-Palestina aqui na avenida agora. Fudendo o tr√¢nsito e n√£o vai mudar nada.,,,S√£o Bernardo do Campo,1.0
497800478265065472,2014-08-08 14:44:17 -0300,V√≠deo mostra jovens apedrejando loja de carros durante protesto em Natal: Manifesta√ß√£o contra o reajuste da ta... http://t.co/XkhggmoQrf,,,"",1.0
497803499464560641,2014-08-08 14:56:17 -0300,Olhem s√≥ a manifesta√ß√£o que rolou na Pra√ßa Os√≥rio agora pouco!!!! Foto: Andr√© Ribeiro http://t.co/sC1KqkI7II,,,Curitiba - Brasil,1.0
505023990327693312,2014-08-28 13:07:56 -0300,No momento manifesta√ß√£o em passeata interdita Rua L√≠bero Badar√≥ junto ao Viaduto do Ch√°. #ZC,,,S√£o Paulo - SP,1.0
505021967880441856,2014-08-28 12:59:54 -0300,Manifesta√ß√£o bloqueia totalmente a Rua Amintas de Barros no cruzamento com a Rua Doutor Faivre, no Centro. http://t.co/‚Ä¶,,,Curitiba - PR,1.0
505016715928166400,2014-08-28 12:39:02 -0300,"No momento manifesta√ß√£o em passeata interdita R Boa Vista, altura do Lgo Pateo do Col√©gio. R Anita Garibaldi‚Ä¶",,,S√£o Paulo,1.0
505010822612287488,2014-08-28 12:15:37 -0300,"Manifesta√ß√£o bloqueia totalmente a rua Anita Garibaldi, na altura da Pra√ßa da S√©. #poenaradiosulamericatransito",,,"S√£o Gon√ßalo, RJ",1.0
505006477418184704,2014-08-28 11:58:21 -0300,"MANIFESTA√á√ÉO: Protesto bloqueia agora a Avenida Brigadeiro Lu√≠s Ant√¥nio com a Rua Crist√≥v√£o Colombo, na regi√£o central.",,,Rio de Janeiro Taquara,1.0
505004738778509312,2014-08-28 11:51:26 -0300,"Atualiza√ß√£o: No momento manifesta√ß√£o ocupa tr√™s faixas do Vd. Dona Paulina, junto √† P√ßa Jo√£o Mendes. Av. Brig. Lu√≠s Ant√¥n‚Ä¶",,,Brasil,1.0
504991222638075904,2014-08-28 10:57:44 -0300,10h55 Atualiza√ß√£o: No momento manifesta√ß√£o interdita pista da esquerda da Rua Maria Paula junto √† C√¢mara Municipal. #ZC,,,S√£o Paulo - SP,1.0
504989983829409792,2014-08-28 10:52:49 -0300,"10h30 - Tr√¢nsito segue bastante complicado na Assis Brasil, pr√≥x. Fiergs, por conta da manifesta√ß√£o. Agentes da EPTC no local.",,,Porto Alegre - RS,1.0
499674002827132930,2014-08-13 18:49:00 -0300,"Terceiro dia de manifesta√ß√£o na BR-101 atrapalha trabalhadores: Ap√≥s 10h, chega ao fim mais uma manifesta√ß√£o n... http://t.co/GwdCkpxWkn",,,Lagoa Nova & Natal,1.0
499638816446382080,2014-08-13 16:29:11 -0300,"RT @Transitovv: Um grupo de moradores realizam manifesta√ß√£o na Rodovia Norte Sul, na altura do Pronto Atendimento de Carapina, na Serra. [@‚Ä¶",,,Serra | ES | Brasil,1.0
499629081936539648,2014-08-13 15:50:30 -0300,"manifesta√ß√£o de populares em frente ao pa de carapina na serra,na av norte sul deixa o tr√¢nsito bastante complicado sent vix.[@cbnvitoria]",,,Grande Vit√≥ria - ES- Brasil,1.0
499520944457531392,2014-08-13 08:40:48 -0300,"BR-101 volta a ser fechada em manifesta√ß√£o em Campos, no RJ: Manifestantes colocaram pneus na estrada e impede... http://t.co/1hRYFJQpLr",,,"",1.0
499556736077144066,2014-08-13 11:03:01 -0300,RT @OficialBHTRANS: 10h31 Manifesta√ß√£o na Ant√¥nio Carlos em frente a UFMG deixa tr√¢nsito impedido sentido centro,,,Belo Horizonte - MG,1.0
499562259124084736,2014-08-13 11:24:58 -0300,RT @CrisCastroGalo: Manifesta√ß√£o em frente a UFMG interdita  Av Antonio Carlos sentido centro ! Evitem o local !,,,BH MG,1.0
499560708799860736,2014-08-13 11:18:49 -0300,Manifesta√ß√£o em frente a UFMG interdita  Av Antonio Carlos sentido centro ! Evitem o local !,,,"BH , BRASIL",1.0
499562493942173696,2014-08-13 11:25:54 -0300,RT @Acordacidade: √înibus ficam retidos em manifesta√ß√£o de moradores na Asa Branca http://t.co/xAllzvQ1P4,,,Jequie-Ba,1.0
499563057232633856,2014-08-13 11:28:08 -0300,Mais uma manifesta√ß√£o em apoio √†s ocupa√ß√µes fecha o tr√¢nsito em BH:  http://t.co/gsrkBK21Cf,,,"",1.0
499564598144806913,2014-08-13 11:34:16 -0300,RT @CrisCastroGalo: Manifesta√ß√£o em frente a UFMG interdita  Av Antonio Carlos sentido centro ! Evitem o local !,,,"",1.0
499572789657890817,2014-08-13 12:06:49 -0300,EM- Mais uma manifesta√ß√£o em apoio √†s ocupa√ß√µes fecha o tr√¢nsito em BH:  http://t.co/GcjgSafjiX,,,"",1.0
499573486256676864,2014-08-13 12:09:35 -0300,12h13 Atualiza√ß√£o: Manifesta√ß√£o na Ant√¥nio Carlos - via liberada.,,,"",1.0
499573572243701761,2014-08-13 12:09:55 -0300,Funcion√°rios da Copasa fazem manifesta√ß√£o por reajuste salarial: Categoria pede por aumento de sal√°rio com gan... http://t.co/dKOC4UJ8mH,,,"",1.0
499578120001691650,2014-08-13 12:28:00 -0300,Mais uma manifesta√ß√£o em apoio √†s ocupa√ß√µes fecha o tr√¢nsito em BH http://t.co/otB9KTc4A1,,,Minas Gerais,1.0
505055514091601920,2014-08-28 15:13:12 -0300,RT @otvcuritiba: Veja agora ao vivo como est√° manifesta√ß√£o dos funcion√°rios da HC na UFPR.  http://t.co/3stwmrj5d6,,,"Curitiba, PR",1.0
505054699662225408,2014-08-28 15:09:58 -0300,Aprovados no concurso da Deso fazem manifesta√ß√£o em Aracaju: Manifestantes querem convoca√ß√£o de aprovados no c... http://t.co/yJ7bkC4ory,,,"",1.0
505054087801360384,2014-08-28 15:07:32 -0300,"Motoristas de √¥nibus de Mau√° realizam manifesta√ß√£o: Motoristas de √¥nibus de Mau√°, munic√≠pio da regi√£o metropol... http://t.co/W3dmc1WJV5",,,"",1.0
505054084504637441,2014-08-28 15:07:31 -0300,Not√≠cias: Motoristas de √¥nibus de Mau√° realizam manifesta√ß√£o http://t.co/Azq5hX9qVT,,,"",1.0
505053805973893120,2014-08-28 15:06:25 -0300,RT @LucasTimBeta_RT: Aprovados no concurso da Deso fazem manifesta√ß√£o em Aracaju - Manifestantes querem convoca√ß√£o de aprovado... http://t.‚Ä¶,,,Assu-Rn,1.0
505049087322759168,2014-08-28 14:47:40 -0300,Aprovados no concurso da Deso fazem manifesta√ß√£o em Aracaju: Manifestantes querem convoca√ß√£o de aprovados no c... http://t.co/iTBmO1lS4S,,,"",1.0
505043381509431296,2014-08-28 14:25:00 -0300,RT @CETSP_: 14h15 Atualiza√ß√£o: No momento manifesta√ß√£o interdita Rua L√≠bero Badar√≥ junto ao Viaduto do Ch√°. Evite regi√£o. #ZC,,,kuwait,1.0
505038338567729152,2014-08-28 14:04:57 -0300,Veja agora ao vivo como est√° manifesta√ß√£o dos funcion√°rios da HC na UFPR.  http://t.co/3stwmrj5d6,,,Curitiba,1.0
505037145937948672,2014-08-28 14:00:13 -0300,RT @garraseguros Manifestantes querem convoca√ß√£o de aprovados no concurso. Deso diz que aproximadamente metade... http://t.co/bKpFBYJ1Xv,,,Belo Horizonte,1.0
505035948942315520,2014-08-28 13:55:28 -0300,PROFESSORES DO CRATO FAZEM MANIFESTA√á√ÉO PELAS RUAS DA CIDADE POR MELHORES CONDI√á√ïES DE TRABALHO http://t.co/L3RSqu2zxV,,,Cariri,1.0
505031410642878464,2014-08-28 13:37:25 -0300,Liga das Escolas de Samba promove manifesta√ß√£o  http://t.co/8ZrCG2g6uZ #deolhoemal√©m,,,"Al√©m Para√≠ba, Minas Gerais, MG",1.0
505024964853239808,2014-08-28 13:11:49 -0300,"A manifesta√ß√£o interdita, agora, a rua L√≠bero Badar√≥, pr√≥ximo ao Viaduto do Ch√°.",,,S√£o Paulo,1.0
505023990327693312,2014-08-28 13:07:56 -0300,13h07 Atualiza√ß√£o: No momento manifesta√ß√£o em passeata interdita Rua L√≠bero Badar√≥ junto ao Viaduto do Ch√°. #ZC,,,S√£o Paulo - SP,1.0
505019303226527744,2014-08-28 12:49:19 -0300,"#S√© No momento manifesta√ß√£o em passeata interdita R Boa Vista, altura do Lgo Pateo do Col√©gio. R Anita Garibaldi liberada. (CET) #spagora",,,S√£o Paulo - SP,1.0
504650398742093824,2014-08-27 12:23:25 -0300,12h19 Atualiza√ß√£o: Manifesta√ß√£o interdita os dois sentidos do Viaduto do Ch√°. Av. Brigadeiro Lu√≠s Ant√¥nio liberada. #ZC,,,S√£o Paulo - SP,1.0
504649955748102145,2014-08-27 12:21:40 -0300,"RT @rstnoar: MANIFESTA√á√ÉO: Avenida Paulista foi liberada; bloq de 2 faixas pela Avenida Brigadeiro Lu√≠s Ant√¥nio, sentido centro, na altura ‚Ä¶",,,"S√£o Gon√ßalo, RJ",1.0
504648277707739136,2014-08-27 12:14:59 -0300,Ubat√£: Guarda Civil realiza manifesta√ß√£o; possibilidade de greve n√£o est√° descartada http://t.co/vKF5rj5p4e,,,Ubat√£-Ba,1.0
504647031764553728,2014-08-27 12:10:02 -0300,#df MST ocupa pr√©dio de secretaria em Bras√≠lia - Grupo ligado ao MST faz manifesta√ß√£o em frente a pr√©... http://t.co/hPKWFa2njA,,,Samambaia DF,1.0
504645464223141888,2014-08-27 12:03:49 -0300,MANIFESTA√á√ÉO: Agentes Penitenci√°rios acabam de chegar √† c√¢mara de vereadores http://t.co/1ejvd170au,,,"",1.0
504635492668043264,2014-08-27 11:24:11 -0300,RT @rstnoar: MANIFESTA√á√ÉO: Pra√ßa da Rep√∫blica com ocupa√ß√£o da cal√ßada. #poenaradiosulamericatransito,,,kuwait,1.0
504635490612813824,2014-08-27 11:24:11 -0300,"RT @rstnoar: MANIFESTA√á√ÉO: Bloqueio de faixa da direita e da cal√ßada da Rua Ara√∫jo, sentido √∫nico, pr√≥ximo √† Rua General Jardim.",,,kuwait,1.0
504635488016531456,2014-08-27 11:24:10 -0300,"RT @rstnoar: MANIFESTA√á√ÉO: A cal√ßada segue interditada na Avenida Dr. Arnaldo, sentido Consola√ß√£o, na altura da Rua Teodoro Sampaio.",,,kuwait,1.0
504634502795509760,2014-08-27 11:20:15 -0300,"RT @saopaulo_agora: #S√© Manifesta√ß√£o em passeata na Av. Brig. Lu√≠s Ant√¥nio, sentido centro, ocupa duas faixas. Av. Paulista liberada. (CET)‚Ä¶",,,Vila Medeiros -S√£o Paulo,1.0
504632595855183872,2014-08-27 11:12:41 -0300,"MANIFESTA√á√ÉO: Avenida Paulista com duas faixas da esquerda bloqueadas, sentido do Para√≠so, na altura da Al Joaquim Eug√™nio de Lima.",,,S√£o Paulo,1.0
504628431796305920,2014-08-27 10:56:08 -0300,Manifesta√ß√£o em frente ao Pa√ßo. Rua bloqueada. @LeiSecaFortal  10:50,,,Fortaleza-Cear√°,1.0
504627483644547072,2014-08-27 10:52:22 -0300,"RT @saopaulo_agora: #S√© Manifesta√ß√£o em passeata na Rua Ara√∫jo, sentido bairro, pr√≥ximo √† P√ßa da Rep√∫blica (CET) #spagora",,,"",1.0
504627020152971265,2014-08-27 10:50:31 -0300,RT @rstnoar: MANIFESTA√á√ÉO: A PM informa que acontece pacificamente uma manifesta√ß√£o na Estrada do M‚ÄôBoi Mirim com cerca de 150 pessoas.,,,"",1.0
504625997132865536,2014-08-27 10:46:27 -0300,"RT @rstnoar: MANIFESTA√á√ÉO: Pra√ßa da Rep√∫blica, sentido √∫nico, sem ocupa√ß√£o de vias.",,,Por a√≠,1.0
504625997128687616,2014-08-27 10:46:27 -0300,"RT @rstnoar: MANIFESTA√á√ÉO: Passeata ocupa duas faixas da Avenida Paulista, sentido Consola√ß√£o, na altura do MASP.",,,Por a√≠,1.0
504625997116084225,2014-08-27 10:46:27 -0300,"RT @rstnoar: MANIFESTA√á√ÉO: Avenida Dr. Arnaldo, sentido Consola√ß√£o, na altura da Rua Teodoro Sampaio, tamb√©m bloqueando a cal√ßada.",,,Por a√≠,1.0
504625587626180608,2014-08-27 10:44:50 -0300,"10h44 Manifesta√ß√£o em passeata na Rua Ara√∫jo, sentido bairro, pr√≥ximo √† P√ßa da Rep√∫blica. #ZC",,,S√£o Paulo - SP,1.0
504625008447348736,2014-08-27 10:42:32 -0300,"RT @transamericapop: #SP Manifesta√ß√£o neste momento bloqueia duas faixas da Avenida Paulista, no sentido Consola√ß√£o, pr√≥ximo ao MASP.",,,S√£o Paulo,1.0
504623959565164545,2014-08-27 10:38:22 -0300,"#SP Manifesta√ß√£o neste momento bloqueia duas faixas da Avenida Paulista, no sentido Consola√ß√£o, pr√≥ximo ao MASP.",,,S√£o Paulo/SP,1.0
504622762926014465,2014-08-27 10:33:36 -0300,RT @PaulaReginaSI: @belemtransito manifesta√ß√£o aug montenegro prox. Ao nazare. Pista sentido centro icoaraci interditada.9:40h,,,"Bel√©m, Par√°, Brasil",1.0
504346546482446336,2014-08-26 16:16:01 -0300,"Interditada a Rua Dona Mariana, em Botafogo, por conta de manifesta√ß√£o http://t.co/E9GjStffer",,,Rio de Janeiro,1.0
504342047713931264,2014-08-26 15:58:09 -0300,"RT @bandnewsfmrio: Parcialmente interditada a Rua Volunt√°rios da P√°tria, altura da Rua Real Grandeza por causa de uma manifesta√ß√£o. Tr√¢nsit‚Ä¶",,,Rio de Janeiro,1.0
504274687388839936,2014-08-26 11:30:29 -0300,Rua Acre segue com uma faixa interditada na altura da Av. Rio Branco devido a manifesta√ß√£o. Reten√ß√µes na via http://t.co/Lm4m4ijpB0,,,Rio de Janeiro,1.0
504248550239535106,2014-08-26 09:46:37 -0300,"RT @bandnewsfmrio: Uma faixa da R. Acre est√° interditada por causa de uma manifesta√ß√£o, na altura da Av. Rio Branco. H√° reten√ß√£o na regi√£o.",,,"S√£o Gon√ßalo, RJ",1.0
503604170981908480,2014-08-24 15:06:05 -0300,"RT @bpmrvsc: Rodovia interditada na SC-412 no km 0,500,no munic√≠pio de Itaja√≠/SC, devido uma manifesta√ß√£o. Informa√ß√µes (047)3332-0152.",,,"",1.0
502462082441543681,2014-08-21 11:27:50 -0300,"RT @bandnewsfmrio: Parcialmente interditada a pista lateral da Av. Presidente Vargas, altura da Cedae, sentido Candel√°ria, por causa de man‚Ä¶",,,Santos-SP,1.0
504629968098562048,2014-08-27 11:02:14 -0300,algu√©m sabe que manifesta√ß√£o √© essa na paulista agora?,,,"S√£o Paulo, Brasil",1.0
504628431796305920,2014-08-27 10:56:08 -0300,Manifesta√ß√£o em frente ao Pa√ßo. Rua bloqueada. @LeiSecaFortal  10:50,,,Fortaleza-Cear√°,1.0
504628212799115264,2014-08-27 10:55:16 -0300,"Gente, qual √© o motivo da manifesta√ß√£o de hoje na paulista?",-23.56564837,-46.65152214,Skyway Avenue,1.0
504627020152971265,2014-08-27 10:50:31 -0300,RT @rstnoar: MANIFESTA√á√ÉO: A PM informa que acontece pacificamente uma manifesta√ß√£o na Estrada do M‚ÄôBoi Mirim com cerca de 150 pessoas.,,,"",1.0
504625623378427904,2014-08-27 10:44:58 -0300,"MANIFESTA√á√ÉO: Avenida Dr. Arnaldo, sentido Consola√ß√£o, na altura da Rua Teodoro Sampaio, tamb√©m bloqueando a cal√ßada.",,,S√£o Paulo,1.0
504625587626180608,2014-08-27 10:44:50 -0300,"10h44 Manifesta√ß√£o em passeata na Rua Ara√∫jo, sentido bairro, pr√≥ximo √† P√ßa da Rep√∫blica. #ZC",,,S√£o Paulo - SP,1.0
504625545406345216,2014-08-27 10:44:40 -0300,"MANIFESTA√á√ÉO: Passeata ocupa duas faixas da Avenida Paulista, sentido Consola√ß√£o, na altura do MASP.",,,S√£o Paulo,1.0
504326803943882752,2014-08-26 14:57:34 -0300,"RT @iam_luciana: Cerca de 50 estudantes fazem manifesta√ß√£o pac√≠fica pelo Passe Livre no Lg dos Le√µes, Humait√°. Policiais acompanham de longe",,,Rio de Janeiro,1.0
504322170504630272,2014-08-26 14:39:09 -0300,"50 estudantes fazem manifesta√ß√£o pac√≠fica pelo Passe Livre no Largo dos Le√µes, Humait√°. Policiais acompanham de longe @JornaldoBrasil",,,Brasil,1.0
504320157989494784,2014-08-26 14:31:10 -0300,Para completar esse dia incrivelmente lindo: manifesta√ß√£o aqui dentro da USP. Vtnc.,,,Eroticon 6,1.0
504310408086179840,2014-08-26 13:52:25 -0300,SP: ativistas promovem manifesta√ß√£o contra ca√ßa de golfinhos no Jap√£o http://t.co/wvSlLPMLAM via @@OlharAnimal,,,Brasil,1.0
504291750824124419,2014-08-26 12:38:17 -0300,Manifesta√ß√£o contra a Legaliza√ß√£o da maconha http://t.co/evowiC7ExM,,,"Novo Hamburgo, RS",1.0
504290335007444992,2014-08-26 12:32:39 -0300,Moradores de Nazar√© das Farinhas fazem manifesta√ß√£o na entrada da cidade. Leia mais: http://t.co/lWKtnOqFez,,,Bahia,1.0
504289912263540736,2014-08-26 12:30:58 -0300,"Liberada faixa da Rua Acre, na altura da Av. Rio Branco, ap√≥s manifesta√ß√£o na via. Tr√¢nsito segue intenso na regi√£o http://t.co/QfuB8rXR2D",,,Rio de Janeiro,1.0
503990671171006464,2014-08-25 16:41:54 -0300,"PRF desfaz manifesta√ß√£o e libera tr√°fego na BR-277, no Paran√°:  http://t.co/IWRUDOlY2u",,,"",1.0
503990071398514688,2014-08-25 16:39:31 -0300,Manifesta√ß√£o dos rodovi√°rios deixa tr√¢nsito lento no centro do Recife http://t.co/NH0IkrVdRb http://t.co/xVitRIVTNA,,,Olho D'√°gua Das Flores,1.0
503989035589591040,2014-08-25 16:35:24 -0300,Manifesta√ß√£o de funcion√°rios da USP interdita¬†Avenida Rebou√ßas em S√£o Paulo            via @iG,,,Esp√≠rito Santo / Brasil,1.0
503983525755121664,2014-08-25 16:13:30 -0300,RT @_theiron: #OperacaoBetaLab Manifesta√ß√£o dos rodovi√°rios ocupa trecho da Avenida Conde da Boa Vista: Grupo ... http://t.co/FXIBDh6k5V #S‚Ä¶,,,jo√£o pessoa,1.0
503972600922771456,2014-08-25 15:30:06 -0300,Mineiros fazem manifesta√ß√£o em Forquilhinha http://t.co/RP7AFmW6wB http://t.co/irhU3vxsi8,,,Bra√ßo do Norte SC,1.0
503953578965622784,2014-08-25 14:14:30 -0300,Manifesta√ß√£o interdita rodovia na Regi√£o Metropolitana de S√£o Lu√≠s http://t.co/2JzQT3dcAq via @a8portal,,,"",1.0
503952552137076736,2014-08-25 14:10:26 -0300,@OtavioRods estrada de Ribamar parada pq t√° tendo manifesta√ß√£o,-2.5521543,-44.2185301,Sao Luis-MA,1.0
503951267237224448,2014-08-25 14:05:19 -0300,Manifesta√ß√£o interdita importante avenida de S√£o Paulo - http://t.co/S8FjNNkCD3 #SaoPaulo http://t.co/fD3rMoV3Vw,,,"",1.0
498880400467316736,2014-08-11 14:15:30 -0300,"Recife - 14h: Manifesta√ß√£o fecha Cais Jos√© Mariano, em Boa Vista: Grupo estava entre a Rua dos Coelhos e a Rua... http://t.co/qX9ddAwZVG",,,"",1.0
498899024393822208,2014-08-11 15:29:31 -0300,CENTRO C√çVICO: manifesta√ß√£o de professores impede o acesso √† Av. C√¢ndido de Abreu pela rotat√≥ria da Pra√ßa Nossa Senhora de Sallete.,,,Curitiba,1.0
498899384348577792,2014-08-11 15:30:57 -0300,"RT @OficialBHTRANS: 15h27 MANIFESTA√á√ÉO: Manifestantes permanecem concentrados na Bias Fortes ( Pra√ßa da Liberdade ), e ocupam duas faixas s‚Ä¶",,,"",1.0
498929714246201345,2014-08-11 17:31:28 -0300,"Manifesta√ß√£o bloqueia os dois sentidos da #BR101, em Campos dos Goytacazes. Leia: http://t.co/qXOz2IFInH.",,,"Rio de Janeiro, Brasil",1.0
498941471211671552,2014-08-11 18:18:11 -0300,Chega ao fim a manifesta√ß√£o que interditou BR-101 por 6 horas http://t.co/7WYnpUzYxC,,,"",1.0
498941570583126016,2014-08-11 18:18:35 -0300,"RT @rdjornalrecife: MANIFESTA√á√ÉO - Moradores realizam protesto e fecham via, no bairro dos Coelhos -  http://t.co/D0RKlf0yv4",,,Recife // Brazil ,1.0
498947931894865920,2014-08-11 18:43:51 -0300,Manifesta√ß√£o deixa tr√¢nsito lento na Avenida Vasco da Gama http://t.co/U0rZSXaIBP,,,"Brasil, Rio de janeiro",1.0
499506236673785856,2014-08-13 07:42:21 -0300,RT @wagnercipriano: Bom dia. Pra√ßa Sao Vicente fechada neste momento. Manifesta√ß√£o com queima de pneus.  Nao passa nem agulha. @Transito98F‚Ä¶,,,Brasil,1.0
499506781912334337,2014-08-13 07:44:31 -0300,RT @OficialBHTRANS: 07h31 Manifesta√ß√£o na Par√° de Minas px a P√ßa S√£o Vicente. Tr√¢nsito impedido nos dois sentidos.,,,BELO HORIZONTE,1.0
499509453679771648,2014-08-13 07:55:08 -0300,Tinha que fazer essa manifesta√ß√£o agora? Af,,,"",1.0
499508824190251008,2014-08-13 07:52:38 -0300,Meu chefe ta garrado na manifesta√ß√£o Kkk essa loja aq n√£o vai abrir tao cedo üòÇ,,,Belo Horizonte - MG,1.0
499508777725751296,2014-08-13 07:52:27 -0300,Manifesta√ß√£o na pra√ßa S√£o Vicente a essa hora --',,,Brazil / Belo Horizonte ,1.0
499507563701223424,2014-08-13 07:47:38 -0300,Ta tendo manifesta√ß√£o aqui man√©!,,,Brasil,1.0
499507424374816768,2014-08-13 07:47:05 -0300,RT @cbnbhz: Manifesta√ß√£o pra√ßa S√£o Vicente. Fogo em pneus e em madeiras. Foto: @sicrisostomo - Unidade A√©rea http://t.co/70kNSdJM4B,,,BELO HORIZONTE,1.0
499510432949080064,2014-08-13 07:59:02 -0300,RT @OficialBHTRANS: 07h31 Manifesta√ß√£o na Par√° de Minas px a P√ßa S√£o Vicente. Tr√¢nsito impedido nos dois sentidos.,,,BH,1.0
499574489160876032,2014-08-13 12:13:34 -0300,RT @OficialBHTRANS: 12h13 Atualiza√ß√£o: Manifesta√ß√£o na Ant√¥nio Carlos - via liberada.,,,Brasil,1.0
502018591126859776,2014-08-20 06:05:33 -0300,Manifesta√ß√£o fecha entradas da USP: Funcion√°rios em greve bloqueiam as tr√™s principais entradas da Cidade Univ... http://t.co/r0Fx7Babip,,,"",1.0
502028582743711744,2014-08-20 06:45:16 -0300,"PM usa bombas de g√°s para dispersar manifesta√ß√£o na USP: Grevistas na madrugada desta quarta-feira. 
PM acompa... http://t.co/LMXFDcgAFG",,,"",1.0
502035606923264001,2014-08-20 07:13:10 -0300,"Manifesta√ß√£o na USP causa lentid√£o na Marginal Pinheiros: Filas de 5,6 km iam do Cebol√£o at√© a Ponte Cidade Un... http://t.co/NjZcijoKiu",,,Fortaleza,1.0
502038876786262018,2014-08-20 07:26:10 -0300,"RT @SawaraKali: Zona Oeste em caos, manifesta√ß√£o da USP. Muita policia e jornalistas na Vital Brasil e Alvarenga. Tudo parado e muito corre‚Ä¶",,,S√£o Paulo,1.0
502052850919567362,2014-08-20 08:21:42 -0300,"MANIFESTA√á√ÉO USP: A rua Alvarenga acaba de ser liberada. De acordo com a CET, os manifestantes voltaram para Cidade Universit√°ria @rstnoar",,,Sampa,1.0
502053118461607936,2014-08-20 08:22:45 -0300,@Oliiver_Le mais depois no km 14 j√° piorou de novo porque tem manifesta√ß√£o l√° perto do metro üòï,,,Cotia-SP,1.0
502053182684815361,2014-08-20 08:23:01 -0300,RT @portalR7: #SP  Manifesta√ß√£o de grevistas da USP termina em confronto com a PM http://t.co/gDo34JesZW #R7,,,"",1.0
502142118492897280,2014-08-20 14:16:25 -0300,"#GauchaTransito Manifesta√ß√£o na Avenida Baltazar de Oliveira Garcia, pr√≥ximo Col√©gio S√£o Francisco, bloqueia via nos dois sentidos.",,,"Porto Alegre, RS, Brasil",1.0
502150003805413377,2014-08-20 14:47:45 -0300,"RT @CETSP_: 10h20 Manifesta√ß√£o interdita Rua L√≠bero Badar√≥, sentido √∫nico, pr√≥ximo Avenida S√£o Jo√£o. #ZC",,,S√£o Paulo Brasil,1.0
502149579006308352,2014-08-20 14:46:03 -0300,14h04 - Manifesta√ß√£o na Baltazar: Desvios sendo feitos pela Martins F√©lix Berta POA/ALV  e Estrada Antonio Severino e rua Alberto Rangel.,,,"",1.0
502149514451771392,2014-08-20 14:45:48 -0300,RT @radioitatiaia: Trabalhadores da Copasa realizam manifesta√ß√£o na Regi√£o Centro-Sul de BH: http://t.co/NjdfCKcr13,,,"",1.0
502207225486512128,2014-08-20 18:35:07 -0300,"#OperacaoBetaLab Moradores fazem manifesta√ß√£o e fecham MG-040, em Sarzedo:  http://t.co/MkwVGcCXUA #SDV #TIMBETA",,,S√£o Paulo - Brasil,1.0
502211001123885058,2014-08-20 18:50:07 -0300,Hoje a manifesta√ß√£o ta supinpa viu,-23.5615584,-46.6565408,S√£o Paulo,1.0
502212570292682752,2014-08-20 18:56:22 -0300,RT @CarlosDRSMS: Manifesta√ß√£o conjunta pelo adicional de fronteira em Dourados. @dilmabr @FazendaGovBr @FENAPEF @AgenciaPF_ @SINPEF_MS http‚Ä¶,,,Brasil,1.0
502214213763608576,2014-08-20 19:02:53 -0300,"RT @jckmidia: Manifesta√ß√£o do MTST,prejudica o tr√¢nsito na Av.Paulista, altura do MASP.
PM no local, impedindo a interdi√ß√£o da via. http://‚Ä¶",,,Vila Medeiros -S√£o Paulo,1.0
502214298937360385,2014-08-20 19:03:14 -0300,Tava tendo manifesta√ß√£o na paulista hj üò¥,,,"S√£o Paulo, BR",1.0
502216347023990784,2014-08-20 19:11:22 -0300,"Rio - 19h: Manifesta√ß√£o causa reten√ß√µes nas vias do Centro: No hor√°rio, grupo fechava uma faixa da Rua de Sant... http://t.co/sBomPx6lx3",,,"",1.0
502217963832090625,2014-08-20 19:17:47 -0300,Rio - 19h: Manifesta√ß√£o causa reten√ß√µes nas vias do Centro http://t.co/buJOnKURxP,,,"",1.0
502241995944132610,2014-08-20 20:53:17 -0300,"RT @Dep_IvanValente: REPRESS√ÉO NA USP: A EDUCA√á√ÉO TRATADA COM BOMBAS DE G√ÅS E BALAS DE BORRACHAS. 

O direito de manifesta√ß√£o foi mais... h‚Ä¶",,,mogi das cruzes - sp,1.0
502243011397685248,2014-08-20 20:57:19 -0300,"A manifesta√ß√£o ocupa a R. da Consola√ß√£o, altura da R. Coronel Xavier de Toledo, na dire√ß√£o do centro. Faixa da esquerda livre para o tr√°fego",,,S√£o Paulo,1.0
502245874685464576,2014-08-20 21:08:42 -0300,Saindo do trabalho agora e tem manifesta√ß√£o rolando aqui no Centro. Viaduto do Ch√° t√° uma bela bosta! üòí,,,"S√£o Paulo, SP",1.0
502246251769786368,2014-08-20 21:10:12 -0300,FENAPEF - Manifesta√ß√£o pelo adicional de fronteira http://t.co/j8a90Y54ot via @fenapef,,,Brasil,1.0
502247102937038849,2014-08-20 21:13:35 -0300,"#S√© Manifesta√ß√£o na R. Libero Badar√≥, ocupa√ß√£o total da via, altura da Pra√ßa do Patriarca.  (CET) #spagora",,,S√£o Paulo - SP,1.0
502251289427083264,2014-08-20 21:30:13 -0300,"RT @T_InTransitavel: Manifesta√ß√£o em frente ao Jornal O Globo agora, como divulgamos mais cedo. @aloPSeca @alertandogeral @falapracaseca ht‚Ä¶",,,Pra√ßa Seca - JPA - RJ - BRAZIL,1.0
502251310453104640,2014-08-20 21:30:18 -0300,"manifesta√ß√£o na paulista, ainda bem que n√£o fui pra aula",,,From Mars,1.0
502252127998472192,2014-08-20 21:33:33 -0300,"RT @CETSP_: 21h10  Atualiza√ß√£o: Manifesta√ß√£o agora na R. Libero Badar√≥, ocupa√ß√£o total da via, junto a Pra√ßa do Patriarca.  #ZC",,,kuwait,1.0
502254503530606593,2014-08-20 21:42:59 -0300,"21h40 Atualiza√ß√£o: Manifesta√ß√£o agora na Rua Riachuelo, sentido √∫nico, ocupa√ß√£o total da via, pr√≥ximo da Av. Brig. Luis Antonio,  #ZC",,,S√£o Paulo - SP,1.0
502257974430433282,2014-08-20 21:56:47 -0300,"Hoje eu fui cobrir uma manifesta√ß√£o l√° no Centro Administrativo. Cerca de mil pessoas, sem moradia digna, invadiram a sede da Sedur.",,,Salvador - BA | Brasil,1.0
502266104769949696,2014-08-20 22:29:05 -0300,Manifesta√ß√£o conjunta pelo adicional de fronteira em Dourados. @dilmabr @FazendaGovBr @FENAPEF @AgenciaPF_ @SINPEF_MS http://t.co/S5G5XaBLf8,,,"",1.0
502268797844467713,2014-08-20 22:39:47 -0300,RT @rstnoar: A manifesta√ß√£o da Rua Riachuelo foi encerrada. #poenaradiosulamericatransito,,,"S√£o Gon√ßalo, RJ",1.0
502380241244139520,2014-08-21 06:02:37 -0300,"6h- BR040, km 532, Belo Horizonte, manifesta√ß√£o fecha rodovia sent. BH. cerca de 20 pessoas",,,BRASIL,1.0
502381744809861120,2014-08-21 06:08:36 -0300,Manifesta√ß√£o na BR 040 pr√≥ximo ao Ceasa sentido BH.tudo agarrado.,,,"",1.0
502389402950451200,2014-08-21 06:39:02 -0300,6h34 - fogo em pneus na via p√∫blica (manifesta√ß√£o) - BR 040 - KM536-b.Calif√≥rnia-BH/ em ambos sentidos// 1vtr CB no local.,,,Belo Horizonte,1.0
502392591183540224,2014-08-21 06:51:42 -0300,manifesta√ß√£o de novo toma no cu transito lentasso,,,"",1.0
502394956565475328,2014-08-21 07:01:06 -0300,"2 faixas fechadas no sentido BH da BR-040, na altura do bairro Calif√≥rnia. Manifesta√ß√£o. Reten√ß√£o no local.",,,Belo Horizonte,1.0
502397813603323904,2014-08-21 07:12:27 -0300,RT @transitozh: Aten√ß√£o motoristas: manifesta√ß√£o na esquina das avenidas Ipiranga e Erico Verissimo bloqueia o tr√¢nsito nas duas vias.,,,Porto Alegre,1.0
502231232252739586,2014-08-20 20:10:31 -0300,"Manifesta√ß√£o pela descriminaliza√ß√£o do direito √† moradia na Paulista, descendo a Consola√ß√£o agora",,,"S√£o Paulo, Brasil",1.0
502230888772825088,2014-08-20 20:09:09 -0300,"Se vcs estiverem vendo uma puta manifesta√ß√£o na Avenida Paulista na TV, eu t√¥ no meio dela! N√£o sei nem do que √© essa porra kkkkkkkk",,,Diadema-S√£o Paulo-Brasil,1.0
502231414990196736,2014-08-20 20:11:15 -0300,"Torcendo pra n√£o dar merda, muitos idosos e crian√ßas na manifesta√ß√£o",,,"S√£o Paulo, Brasil",1.0
502231832877092865,2014-08-20 20:12:54 -0300,"Segue a manifesta√ß√£o na Avenida Paulista, na altura da Rua Consola√ß√£o. H√° o bloqueio total da via no sentido Consola√ß√£o.",,,S√£o Paulo,1.0
502231930944122881,2014-08-20 20:13:18 -0300,"RT @InformeRJO: RT @T_InTransitavel: Manifesta√ß√£o em frente ao Jornal O Globo agora, como divulgamos mais cedo. http://t.co/zRGBq88maZ",,,RIO DE JANEIRO,1.0
502902092697452544,2014-08-22 16:36:17 -0300,"RT @PortalOTempo: TR√ÇNSITO CARREGADO NA AV. NOSSA SENHORA DO CARMO, NA REGI√ÉO CENTRO-SUL DE BH. REFLEXO DA MANIFESTA√á√ÉO DE INTEGRANTES DE O‚Ä¶",,,Brasil,1.0
502909740893351937,2014-08-22 17:06:40 -0300,"17h06 Manifesta√ß√£o: Manifestantes ocupam a Av. Afonso Pena, P√ßa Sete no sentido Rodovi√°ria e causa reten√ß√£o na √°rea Hospitalar.",,,"",1.0
502913050828357633,2014-08-22 17:19:49 -0300,#euvinaband Datena t√° acontecendo manifesta√ß√£o na frente da Prefeitura de Osasco.,,,Brasil,1.0
502913750660550656,2014-08-22 17:22:36 -0300,Manifesta√ß√£o: Atualiza√ß√£o: Manifestantes se deslocam para a Rodovi√°ria. Liberada Av. Amazonas 2 sentidos.,,,"",1.0
502915573869989888,2014-08-22 17:29:51 -0300,17h29 Manifesta√ß√£o: Atualiza√ß√£o: Manifestantes se deslocaram para a P√ßa Rio Branco. Via liberada mas ainda h√° reten√ß√£o na via.,,,"",1.0
502916363485081602,2014-08-22 17:32:59 -0300,BH - 17h15: Manifesta√ß√£o complica tr√¢nsito nas vias do Centro: Grupo bloqueava Afonso Pena na altura da Pra√ßa ... http://t.co/HMYHqQOBir,,,"",1.0
502918580825239554,2014-08-22 17:41:48 -0300,"Manifesta√ß√£o em Osasco pr√≥ximo √† Prefeitura, 200 pessoas atrapalhando a vida de milhares. At√© qdo seremos ref√©ns? @Comando_SP",,,sao paulo,1.0
502935822128381953,2014-08-22 18:50:18 -0300,"RT @rstnoar: Manifesta√ß√£o ocupa o v√£o livre do Masp, na Avenida Paulista, sentido Consola√ß√£o. 100 pessoas est√£o no local. #poenaradiosulame‚Ä¶",,,Brasil,1.0
502937095321972737,2014-08-22 18:55:22 -0300,"18h55 Manifesta√ß√£o na Avenida Paulista, sentido Consola√ß√£o, ocupa duas faixas, junto ao MASP. #ZC",,,S√£o Paulo - SP,1.0
502938296188936192,2014-08-22 19:00:08 -0300,"Pode para a manifesta√ß√£o j√°, pq eu n vou conseguir sair assim üòê",-23.54792064,-46.77659045,"",1.0
498941570583126016,2014-08-11 18:18:35 -0300,"RT @rdjornalrecife: MANIFESTA√á√ÉO - Moradores realizam protesto e fecham via, no bairro dos Coelhos -  http://t.co/D0RKlf0yv4",,,Recife // Brazil ,1.0
496966002341445632,2014-08-06 07:28:22 -0300,"Manifesta√ß√£o trava tr√¢nsito na regi√£o da Base Naval de Aratu, na Bahia: Longa fila de ve√≠culos foi formada na ... http://t.co/BRPMIRn2nO",,,"",1.0
496748645904318464,2014-08-05 17:04:40 -0300,"Acompanhamos uma manifesta√ß√£o que est√° ocorrendo no acesso a Eldorado do Sul pela BR-290, sentido POA-Eldorado...",,,Os√≥rio-Gua√≠ba / RS,1.0
496749955332456448,2014-08-05 17:09:53 -0300,"17h08 - Manifesta√ß√£o de moradores na Avenida Cavalhada, 4000. Tr√¢nsito √© lento no local.",,,Porto Alegre - RS,1.0
496751890101960704,2014-08-05 17:17:34 -0300,RT @CBN_Salvador: Banc√°rios fazem manifesta√ß√£o pedindo mais seguran√ßa em todo Estado: http://t.co/rFT4Yd2JwU http://t.co/DDyVhNxIC5,,,"",1.0
496534389871104000,2014-08-05 02:53:18 -0300,@PauloMollinedo Manifesta√ß√£o na visita de Dilma e Lula a MG causa confus√£o e presidente sai escoltada pela pol√≠cia; http://t.co/IJbwr2zK7A,,,BRAZIL,1.0
496605935746707456,2014-08-05 07:37:36 -0300,"Pessoal, a DF-140 est√° totalmente interditada. Protesto por √¥nibus fecha o acesso do Entorno. #Manifesta√ß√£o #Protesto #DFnoAr",,,"Bras√≠lia, DF",1.0
503967126072205312,2014-08-25 15:08:20 -0300,Manifesta√ß√£o dos rodovi√°rios ocupa trecho da Avenida Conde da Boa Vista: Grupo estava na altura da Rua do Hosp... http://t.co/5RizC9ZUZN,,,"",1.0
503358027227877376,2014-08-23 22:48:00 -0300,"Manifesta√ß√£o em Santos, mais de 200 pessoas - Em defesa do casal gay e pela liberdade de amar. http://t.co/Cq3KoMgv5k",,,Santos - S√£o Paulo,1.0
502846325759967232,2014-08-22 12:54:41 -0300,Manifesta√ß√£o da CUT na Rua S√£o Paulo seguindo pra Amazonas.,,,"Belo Horizonte, Brasil. ",1.0
502843861563998208,2014-08-22 12:44:53 -0300,Manifesta√ß√£o bloqueia marginais da BR-101 http://t.co/NnAG59htOW,,,"",1.0
504106068062912513,2014-08-26 00:20:27 -0300,NE10: Manifesta√ß√£o complica tr√¢nsito na Avenida Caxang√° http://t.co/wA93MoipJh via @portalne10,,,Recife - PE,1.0
504368970213130242,2014-08-26 17:45:07 -0300,"RT @g1: Protesto de motoboys fecha Viaduto do Ch√°, no Centro de SP http://t.co/vpLONxIknU #G1 http://t.co/ZP82hy8xOI",,,ITU - S√ÉO PAULO - BRASIL,1.0
503967126072205312,2014-08-25 15:08:20 -0300,Manifesta√ß√£o dos rodovi√°rios ocupa trecho da Avenida Conde da Boa Vista: Grupo estava na altura da Rua do Hosp... http://t.co/5RizC9ZUZN,,,"",1.0
503358027227877376,2014-08-23 22:48:00 -0300,"Manifesta√ß√£o em Santos, mais de 200 pessoas - Em defesa do casal gay e pela liberdade de amar. http://t.co/Cq3KoMgv5k",,,Santos - S√£o Paulo,1.0
502867758485221377,2014-08-22 14:19:51 -0300,#OperacaoBetaLab Comunidades da Granja Werneck fazem manifesta√ß√£o em ag√™ncia banc√°ria:  http://t.co/Xku4hax9v7 #SDV #TIMBETA,,,"",1.0
502865824110379008,2014-08-22 14:12:09 -0300,"BH - 13h50: Manifesta√ß√£o afeta tr√¢nsito em vias do Centro - De acordo com a PM, ato reunia cerca de 300 tra... http://t.co/B5ISEPi26I",,,"Rio Grande do Sul, Brasil",1.0
502859748551950337,2014-08-22 13:48:01 -0300,RT @PRF191RN: A PRF informa que a manifesta√ß√£o na BR 101 foi encerrada √†s 13h. Tr√¢nsito fluindo normalmente.,,,Natal/RN,1.0
502857231810187264,2014-08-22 13:38:01 -0300,To aqui no ponto de J.A esperando a van para ir pra manifesta√ß√£o,,,"",1.0
502846325759967232,2014-08-22 12:54:41 -0300,Manifesta√ß√£o da CUT na Rua S√£o Paulo seguindo pra Amazonas.,,,"Belo Horizonte, Brasil. ",1.0
502843861563998208,2014-08-22 12:44:53 -0300,Manifesta√ß√£o bloqueia marginais da BR-101 http://t.co/NnAG59htOW,,,"",1.0
502843361091653632,2014-08-22 12:42:54 -0300,Contorno pr√≥ximo da Assembleia parada por causa de manifesta√ß√£o @Transito98FM,,,Brasil,1.0
502843299817066497,2014-08-22 12:42:39 -0300,"RT @cbnbhz: Manifesta√ß√£o na avenida Afonso Pena, prejudica tr√¢nsito no centro, sentido Mangabeiras.",,,Ponte Nova MG.,1.0
497495386253447169,2014-08-07 18:31:57 -0300,Manifesta√ß√£o na rua Iririu.  Popula√ß√£o est√° revoltada com a mudan√ßa no tr√¢nsito. http://t.co/jdLEVQIFyh,,,"",1.0
497498565841661953,2014-08-07 18:44:35 -0300,Acompanhe pelo Vejo Ao Vivo a manifesta√ß√£o no Bairro Iririu. http://t.co/sbpF8eSgba,,,"",1.0
497499012581568514,2014-08-07 18:46:22 -0300,"MANIFESTA√á√ÉO CONTRA TARIFA Mais uma vez, grupo protesta contra o reajuste da tarifa de √¥nibus em Campinas, que... http://t.co/3nPeFnB5z2",,,Campinas - S√£o Paulo,1.0
497502574573285377,2014-08-07 19:00:31 -0300,"ATO CONTRA O AUMENTO DA PASSAGEM DE √îNIBUS EM CAMPINAS - SP http://t.co/i062leCzGq #Manifesta√ß√£o, Campinas, Transporte P√∫blico",,,Brasil,1.0
497504745062666242,2014-08-07 19:09:09 -0300,RT @atarde: http://t.co/1q1ZXxVESW #Tr√¢nsito Manifesta√ß√£o atrapalha o tr√¢nsito pr√≥ximo √† Esta√ß√£o Piraj√°,,,"",1.0
497663975098966017,2014-08-08 05:41:52 -0300,Ta tendo manifesta√ß√£o dos trabalhadores aqui hnjkihnjk t√£o pedindo aumento,,,"Piracicaba, SP",1.0
497691392651829248,2014-08-08 07:30:49 -0300,RT @aratuonline: Manifesta√ß√£o interdita BR-324 na entrada de Feira de Santana. Leia mais: http://t.co/GatdWGFsyX,,,Salvador Bahia,1.0
497695251893870592,2014-08-08 07:46:09 -0300,Engarrafamento monstro sentido ssa-fsa. Manifesta√ß√£o!! http://t.co/7tJv3sgG2w,,,Feira de Santana - Ba√™√™√™aaa,1.0
497699064096366592,2014-08-08 08:01:18 -0300,√çndios de Graja√∫ protestam por melhorias na educa√ß√£o ind√≠gena: √çndios realizaram uma manifesta√ß√£o na Pra√ßa Ped... http://t.co/xRIDI3iUcs,,,Imperatriz - Maranh√£o - Brazil,1.0
497702989898186752,2014-08-08 08:16:54 -0300,"#Tr√¢nsito: Rodovi√°rios realizam uma manifesta√ß√£o neste momento no final de linha da Praia do Flamengo, pedindo melhorias na infraestrutura.",,,"",1.0
497773016411959297,2014-08-08 12:55:09 -0300,"MANIFESTA√á√ÉO CONTRA ASSASSINATO DE MULHERES EM GOI√ÇNIA
Cerca de 50 pessoas se reuniram na manh√£ desta... http://t.co/jL71cW5MOz",,,bras√≠lia,1.0
500369902352740352,2014-08-15 16:54:15 -0300,"RT @rstnoar: Manifesta√ß√£o ocupa a faixa da esquerda da Pra√ßa Ramos de Azevedo, sentido √∫nico. #poenaradiosulamericatransito",,,kuwait,1.0
501416099477336064,2014-08-18 14:11:28 -0300,Moradores protestam por instala√ß√£o de radar na BR-101: Cerca de 100 pessoas realizam uma manifesta√ß√£o desde as... http://t.co/ewQkF4ND4n,,,"",1.0
501426350792900608,2014-08-18 14:52:12 -0300,RT @GiorgiMesquita: Manifesta√ß√£o de taxistas na Frei Serafim.Ponte interditada.Protestam pelo taxista q foi assassinado e teve ainda os olh‚Ä¶,,,Teresina-PI,1.0
501426344031293440,2014-08-18 14:52:11 -0300,"Cerca de 40 pessoas realizam protesto na GO-070, pr√≥ximo ao Bairro Triunfo. A manifesta√ß√£o reivindica cria√ß√£o de creches e escolas na regi√£o",,,Goi√¢nia,1.0
501447461647691777,2014-08-18 16:16:05 -0300,RT @kennedydiniz10: TR√ÇNSITO: Manifesta√ß√£o dos rodovi√°rios deixa a o tr√¢nsito na Salgado Filho e na BR sentido Parnamirim parado! Evitem!,,,Natal/RN - Brazil ,1.0
501705585092333569,2014-08-19 09:21:47 -0300,"BH ‚Äì 9h: Moradores e comerciantes protestam na Avenida Pedro I: Manifesta√ß√£o terminou por volta das 8h, segund... http://t.co/D3vtCmEtyp",,,"",1.0
497871303148187650,2014-08-08 19:25:43 -0300,Ministro arquiva HC impetrado pela defesa de preso em manifesta√ß√£o contra Copa do Mundo http://t.co/WGcT7GFuMQ,,,Not√≠cias jur√≠dicas,-1.0
499656207066738689,2014-08-13 17:38:17 -0300,"RT @geverdao: Brunoro repudia manifesta√ß√£o da torcida fora dos est√°dios: ""N√£o √© legal"" http://t.co/rwswt5dZXB",,,Santo Andr√© - SP,-1.0
499656357843202050,2014-08-13 17:38:53 -0300,"O sorriso √© a manifesta√ß√£o dos l√°bios, quando os olhos encontram o que o cora√ß√£o procura. ‚úå",,,"",-1.0
499656855103500288,2014-08-13 17:40:52 -0300,"Ta tendo manifesta√ß√£o ou algo do tipo, pra esae terminal ta t√£o cheio?",-20.3300017,-40.3531596,"",-1.0
495045315595350018,2014-08-01 00:16:15 -0300,RT @AUGUSTOBISPO01: Que postura linda! N√£o h√° adjetivos suficiente para descrever esta exemplar manifesta√ß√£o. http://t.co/LmzHCmhl3C,,,Brasil,-1.0
495046459675672576,2014-08-01 00:20:48 -0300,"Olha a fala dos PMS, corpo a corpo com a realidade! Bom ouvir a fala de quem t√° no olho no furac√£o. Cade a galera da manifestacao?",,,"Fortaleza, CE, Brasil",-1.0
495046735065276417,2014-08-01 00:21:53 -0300,"N√£o pode permitir que a paulista feche.. Filho, tem manifesta√ß√£o fechando a paulista toda semana kkkkk",,,"",-1.0
495046781563338752,2014-08-01 00:22:04 -0300,"N√£o √© a manifesta√ß√£o q √© proibida, mas o direito d ir e vir q prevalece. #NaMoral",,,Porto Alegre - Brasil,-1.0
495049942978002944,2014-08-01 00:34:38 -0300,"RT @RadiodoMoreno: Depois de 17/06/13, n√£o h√° mais ouvidos pras velhas raposas da pol√≠tica. At√© os candidatos de 2014 envelheceram com a ma‚Ä¶",,,Recife,-1.0
495052053803446273,2014-08-01 00:43:01 -0300,"@WEBK3L todas foram contra a mudan√ßa, ja ia ter manifesta√ß√£o na pra√ßa, o fortaleza colocando compensado p seguran√ßa, rebeli√£o #voltaPorraNen",,,Insta: marcelabianca,-1.0
495168767551619072,2014-08-01 08:26:48 -0300,Acho que vou na manifesta√ß√£o,,,"",-1.0
495173586957914112,2014-08-01 08:45:57 -0300,Nossa mol manifesta√ß√£o aqui na minha sala s√≥ pq vai ser obrigado a usar uniforme,-24.3062283,-46.9947985,Peruibe-SP,-1.0
495196192272547840,2014-08-01 10:15:47 -0300,"RT @franciscojube: OLEHEM QUEM TA MANISFEST√á√ÉO ""S√âRIA"" DA EDUCA√á√ÉO! @pmgo_news POLITICA POR TR√ÅS DA MANIFESTA√á√ÉO! http://t.co/CymHdpn4GU",,,Brasil,-1.0
495195959706804224,2014-08-01 10:14:51 -0300,"OLEHEM QUEM TA MANISFEST√á√ÉO ""S√âRIA"" DA EDUCA√á√ÉO! @pmgo_news POLITICA POR TR√ÅS DA MANIFESTA√á√ÉO! http://t.co/CymHdpn4GU",,,Goi√¢nia-GO,-1.0
495195033818394625,2014-08-01 10:11:11 -0300,COMUNICADO DOS ORGANIZADORES DA CAMPANHA/PROTESTO/MANIFESTA√á√ÉO DO S.O.S. COMPLEXO DO ALEM√ÉO #SOSCOMPLEXODOALEMAO http://t.co/2zH0HurjW5,,,brasil,-1.0
495196953509363712,2014-08-01 10:18:48 -0300,.Hoje tem manifesta√ß√£o \ooooo/,,,"",-1.0
495198016568311809,2014-08-01 10:23:02 -0300,"pessoas de outras cidades vai comparecer √° manifesta√ß√£o de campinas, EEEITAA BRASIL UNIDO",-22.93966548,-47.12900525,‚ù§ @_pqppedrozo ‚ù§,-1.0
495198181387665408,2014-08-01 10:23:41 -0300,daria todo o meu dinheiro s√≥ pra ver se fosse ao contrario ;) .. papo de manifesta√ß√£o √© os crl a 4,,,"",-1.0
495199638237249536,2014-08-01 10:29:28 -0300,@guirio J√° identificamos sua manifesta√ß√£o.,,,Rio de Janeiro,-1.0
495202748858925056,2014-08-01 10:41:50 -0300,"RT @toshii_: tinha que ser crime, qualquer tipo de manifesta√ß√£o religiosa em p√∫blico, adora teu deus na tua casa maluco",,,Ros√°rio do sul.  RS,-1.0
495206919548973056,2014-08-01 10:58:24 -0300,"""As pessoas precisam da poesia, da literatura, da musica ou de qualquer outra manifesta√ß√£o art√≠stica para suportar o mundo.""",,,Neverland ,-1.0
495208833841520640,2014-08-01 11:06:01 -0300,"Bleach.. como eu preciso de Bleach meudeus, EU VOU FAZER UMA MANIFESTA√á√ÉO PRA O ANIME VOLTAR LOGO",,,Bahia,-1.0
495211106596835328,2014-08-01 11:15:03 -0300,@Menegaco @conselhoverde se contratarem mais um meia boca acho que a torcida tem que ir la na porta e promover uma mega manifesta√ß√£o.,,,"",-1.0
495212077871824896,2014-08-01 11:18:54 -0300,@Guedes_Douglas  pode enviar sua manifesta√ß√£o tamb√©m por este canal. Estamos sempre √† disposi√ß√£o.,,,Rio de Janeiro,-1.0
495214392779472896,2014-08-01 11:28:06 -0300,"Como eu defendo a total liberdade de manifesta√ß√£o, jamais censuraria os fascistas que se reuniram ontem em SP para manifestar apoio a Israel",,,"",-1.0
495214895492005888,2014-08-01 11:30:06 -0300,Mas a novil√≠ngua define manifesta√ß√£o de modo diferente. Crime tamb√©m. http://t.co/g6aFv4LhWy,,,"",-1.0
495215296622628864,2014-08-01 11:31:42 -0300,"O amor n√£o √© a manifesta√ß√£o de ego√≠smo, √© a subvers√£o do eu.. #PabloNeruda",,,Fortaleza-Ce Brazil,-1.0
495217978733252608,2014-08-01 11:42:21 -0300,meu irm√£o ta pagando uma de revolucionario aqui em casa falando da manifesta√ß√£o de hoje,,,campinas,-1.0
495218645136846848,2014-08-01 11:45:00 -0300,"""o mal reina, o desprazer √© maior que o prazer, o mundo √© uma obra mal feita, √© a manifesta√ß√£o de uma m√° vontade com a vida""",,,Brazil,-1.0
502459620674531329,2014-08-21 11:18:03 -0300,"RT @pier_p: Persegui√ß√£o dos jihadistas no Iraque n√£o tem manifesta√ß√£o da ""esquerda"" brasileira. Nenhum griteiro, fosse Israel j√° estariam b‚Ä¶",,,"√úT: -25.4365471,-49.2598522",-1.0
502459011326050304,2014-08-21 11:15:38 -0300,"Fico muito honrado em receber esta manifesta√ß√£o de apoio e apre√ßo do Pe. Paulo Roberto, p√°roco de minha par√≥quia.... http://t.co/khAJIYw0UB",,,Campo Grande-MS,-1.0
502457866612391937,2014-08-21 11:11:05 -0300,@dutraline a propaganda serve para incentivar algo que obrigat√≥rio tornar-se um prazer ou um dever j√° que o voto √© uma forma de manifesta√ß√£o,,,"",-1.0
502456035743776768,2014-08-21 11:03:48 -0300,Porque a ardente expecta√ß√£o da criatura espera a manifesta√ß√£o dos filhos de Deus. Romanos 8:19,,,"",-1.0
495044788228743168,2014-08-01 00:14:09 -0300,"O mundo n√£o aguarda pelos evang√©licos, o mundo n√£o espera pelos crentes, ele aguarda a manifesta√ß√£o dos FILHOS de... http://t.co/7opjM80gvP",,,"Maca√©, RJ",-1.0
495045315595350018,2014-08-01 00:16:15 -0300,RT @AUGUSTOBISPO01: Que postura linda! N√£o h√° adjetivos suficiente para descrever esta exemplar manifesta√ß√£o. http://t.co/LmzHCmhl3C,,,Brasil,-1.0
495046459675672576,2014-08-01 00:20:48 -0300,"Olha a fala dos PMS, corpo a corpo com a realidade! Bom ouvir a fala de quem t√° no olho no furac√£o. Cade a galera da manifestacao?",,,"Fortaleza, CE, Brasil",-1.0
495046735065276417,2014-08-01 00:21:53 -0300,"N√£o pode permitir que a paulista feche.. Filho, tem manifesta√ß√£o fechando a paulista toda semana kkkkk",,,"",-1.0
495049942978002944,2014-08-01 00:34:38 -0300,"RT @RadiodoMoreno: Depois de 17/06/13, n√£o h√° mais ouvidos pras velhas raposas da pol√≠tica. At√© os candidatos de 2014 envelheceram com a ma‚Ä¶",,,Recife,-1.0
495058525669044224,2014-08-01 01:08:44 -0300,"Insonia √© a manifesta√ß√£o do dem√¥nio na minha vida, na sua vida e na vida de todo mundo.",,,"",-1.0
495059624526376960,2014-08-01 01:13:06 -0300,"@borgesedivaldo @LukaBizarri Estudei 7 anos d m√∫sica acad√™mica, meu pai cantava √≥pera, s√≥ consigo chamar funk de ""manifesta√ß√£o cultural""..",,,"",-1.0
495060428150816768,2014-08-01 01:16:18 -0300,"AT√â AGORA N√ÉO VI NENHUMA MANIFESTA√á√ÉO COLETIVA DA DIREITA, PSDB, ETC. EM FAVOR DA PALESTINA... E S√ÉO MAL INFORMADOS TB...",,,"Belo Horizonte, MG, Brasil",-1.0
495070692770332672,2014-08-01 01:57:05 -0300,"RT @MaaPhilippe_: e na manifesta√ß√£o O TIME , KEKOS JEFS LUC√ÉO MURILO MARCOLA",,,"",-1.0
495070595953201152,2014-08-01 01:56:42 -0300,"e na manifesta√ß√£o O TIME , KEKOS JEFS LUC√ÉO MURILO MARCOLA",,,Brasil,-1.0
495070555997880320,2014-08-01 01:56:33 -0300,tem manifesta√ß√£o hoje,,,"",-1.0
495068472574238720,2014-08-01 01:48:16 -0300,RT @LCMarinho: @borgesedivaldo + que tamb√©m tem seu charme e que n√£o deixa de ser uma manifesta√ß√£o cultural / @rcrevelone @LukaBizarri,,,Planeta Terra,-1.0
495067662264066048,2014-08-01 01:45:03 -0300,@borgesedivaldo + que tamb√©m tem seu charme e que n√£o deixa de ser uma manifesta√ß√£o cultural / @rcrevelone @LukaBizarri,,,Campinas - S√£o Paulo - Brasil,-1.0
495066565269028864,2014-08-01 01:40:41 -0300,@rosalves hahaha manifesta√ß√£o!,,,"Santa Luzia, MG, Brasil",-1.0
495071456145838083,2014-08-01 02:00:07 -0300,Que barato hein @karolapaiva Interessante saber que sua manifesta√ß√£o foi parar em artigo da revista.,,,Santo Andr√©/SP,-1.0
495078628359950336,2014-08-01 02:28:37 -0300,"As pessoas precisam da literatura, da musica ou de qualquer outra manifesta√ß√£o art√≠stica pra suportar o mundo. http://t.co/zezAzkY0F8",-30.02569373,-51.13831361,"Porto Alegre, RS",-1.0
495072815008075777,2014-08-01 02:05:31 -0300,"Ando sonhando com a manifesta√ß√£o do Reino de Deus na minha vida, minha cidade e nossa na√ß√£o. @eliaquimike",,,Boa Vista/RR,-1.0
495085241384841216,2014-08-01 02:54:54 -0300,"RT @gabialmadan: Que mane manifesta√ß√£o o que, esse problema j√° vem de muito antes de manifesta√ß√µes de 2000...",,,Brazil,-1.0
495088996549427201,2014-08-01 03:09:49 -0300,N√£o √© uma manifesta√ß√£o que vai fazer um viciado em droga parar de roubar os outros.,,,"",-1.0
495087243854643200,2014-08-01 03:02:51 -0300,"Nem vou em manifesta√ß√£o contra a viol√™ncia, pois √© a coisa mais in√∫til que tem.",,,"",-1.0
495087084387196928,2014-08-01 03:02:13 -0300,"Agora que eu descobri que aquele ""Ponta Por√£ de joelhos"" √© uma manifesta√ß√£o e n√£o um culto, ASHASHASHHASHASAS",,,"",-1.0
495129928397246464,2014-08-01 05:52:28 -0300,AI SIM CONCORDO EM TER MANIFESTA√á√ÉO @g1rio: Ped√°gio na Ponte Rio-Niter√≥i e na Via Dutra ficam mais caros nesta sexta http://t.co/B50OXfpmeZ,,,"-22.777123,-43.402544",-1.0
495118042108796928,2014-08-01 05:05:14 -0300,deus ta de olho esses enxu na manifesta√ß√£o de hoje viu,-22.93984678,-47.13240528,‚ù§ @_pqppedrozo ‚ù§,-1.0
495109847202168832,2014-08-01 04:32:40 -0300,"O mundo sempre vai precisar da poesia; seja ela na musica, na literatura ou em qualquer outro tipo de manifesta√ß√£o art√≠sticas existente.",,,"",-1.0
504630338153635841,2014-08-27 11:03:42 -0300,Quanto custa √† democracia cada voto nesta aristocracia pactuada entre todos?.. o teu #VOTO √© a maior manifesta√ß√£o de cobardia! #ACORDA,,,Porto - Portugal,-1.0
504629351577845761,2014-08-27 10:59:47 -0300,"Art. 5¬∫, inciso IV: - √© livre a manifesta√ß√£o do pensamento, sendo vedado o anonimato;",,,Brasil,-1.0
504628747786784768,2014-08-27 10:57:23 -0300,"@rstnoar N√£o adianta ficar fazendo manifesta√ß√£o.  VAI L√Å E D√Å UM GOLPE DE ESTADO, CACETE! N√£o tm coragem? Ent√£o V√ÉO TRABALHAR, VAGABUNDOS!!!",,,Estarei em todo lugar...,-1.0
504627554331144192,2014-08-27 10:52:39 -0300,E ai Vc acessa o twitter e s√≥ tem manifesta√ß√£o na cidade de SP. Que tristeza vive meu Brasil! http://t.co/y7LqkwRDjZ,46.2653922,-73.88315085,S√£o Paulo,-1.0
504603153904705537,2014-08-27 09:15:41 -0300,RT @DaniloGentili: Se o Levy Fidelix ganhar a elei√ß√£o convocarei uma manifesta√ß√£o pelo movimento passe livre de aerotrem.,,,"",-1.0
502572211614797824,2014-08-21 18:45:27 -0300,@lubrinas Bora! Ai depois fazemos uma manifesta√ß√£o por ai de boas reclamando que o governo √© injusto e desigual com a sociedade o/// u.u,,,"",-1.0
502570609537482752,2014-08-21 18:39:05 -0300,RT @FlavioDino: A empresa que √© de propriedade do meu adversario quer fazer um debate. So irei se houver garantias √† minha manifestacao e √†‚Ä¶,,,Maranh√£o,-1.0
504324655499718657,2014-08-26 14:49:02 -0300,"@littlekoalar bby, liguei nos correios, eles refizeram a manifesta√ßao pra receita federal, vamos ver agora, n√© :T",,,(Ôø£Œµ(#Ôø£)Ô∏¥,-1.0
504293173146165248,2014-08-26 12:43:56 -0300,"RT @livraz: Pr√≥xima manifesta√ß√£o vou l√° soltar uns roj√µes e batucar na porta da casa do Alckmin, qu√£o r√°pido voc√™s acham que a PM aparece c‚Ä¶",,,"",-1.0
504289440249176064,2014-08-26 12:29:06 -0300,"Um tal de Rafael Vieira foi preso com coquet√©is molotov, na manifesta√ß√£o por sua liberta√ß√£o tinha um cartaz:... http://t.co/04cVzISCNJ",,,"Brazil, Feira de Santana",-1.0
504058374926127105,2014-08-25 21:10:56 -0300,@pqdtjpa Agradecemos o contato. Sua manifesta√ß√£o foi direcionada a empresa. Receber√° resposta atrav√©s dos meios de contato.,,,Rio de Janeiro,-1.0
504055954682707968,2014-08-25 21:01:19 -0300,RT @RobertoLuiz7: A Venezuela sofre com o delinq√ºente Maduro Fogo atinge policial durante manifesta√ß√£o n Venezuela - not√≠cias em Mundo http‚Ä¶,,,"",-1.0
504054360108978176,2014-08-25 20:54:59 -0300,RT @g1: Fogo atinge policial durante manifesta√ß√£o na Venezuela http://t.co/NW7FdkdU95 #G1 http://t.co/njmxVxzHmG,,,"",-1.0
504052773101776897,2014-08-25 20:48:40 -0300,"Se o Alckimin aprovar essa lei absurda das m√°scaras vou propor uma manifesta√ß√£o V de vingan√ßa style, algu√©m topa?",,,S√£o Paulo,-1.0
504052703165968384,2014-08-25 20:48:23 -0300,"@orgasmodoasa ta valendo qualquer forma de manifesta√ß√£o, c√≥digo morsa, bal√µes, cartas, di√°rios, letras de m√∫sicas, sinal de fuma√ßa, tudo",,,orbit ,-1.0
503993683696295936,2014-08-25 16:53:52 -0300,Prefeitura de Sumar√© garante pagamento do Proeb nesta 3¬™-feira e creches particulares encerram manifesta√ß√£o parcial http://t.co/rRh7UgJ6B0,,,"",-1.0
503993287825690624,2014-08-25 16:52:18 -0300,Pol√≠cia usa bast√µes para dispersar manifesta√ß√£o contra Merkel na Galiza - JN http://t.co/TiXPjjpGUk,,,Portugal,-1.0
503986282213945344,2014-08-25 16:24:27 -0300,RT @fernandesjln: At√© a vaia do samu foi mais animada que a manifesta√ß√£o de vit√≥ria do bope!,,,"",-1.0
503984555817443328,2014-08-25 16:17:36 -0300,RT @CatecismoJovem: Adoramos a Deus porque Ele existe e porque o respeito e a adora√ß√£o s√£o a resposta apropriada √† Sua manifesta√ß√£o e √† Sua‚Ä¶,,,"",-1.0
503974063669526528,2014-08-25 15:35:54 -0300,@AecioNeves O Rio de janeiro aguarda uma manifesta√ß√£o a cerca dos royalties do petr√≥leo. At√© o momento o tema foi pouco debatido.,,,"",-1.0
503959861819109377,2014-08-25 14:39:28 -0300,Porra de Manifesta√ß√£o,,,S√£o Luis,-1.0
503955696707440640,2014-08-25 14:22:55 -0300,"RT @_davidjosh_: Queremos replay, partiu manifesta√ß√£o",,,"",-1.0
503953503296167937,2014-08-25 14:14:12 -0300,@MauroCezarESPN viu mat√©ria da @trivela sobre festa da torcida do Palace no √∫ltimo jogo? Manifesta√ß√£o parecida com as hinchas Sul-americanas,-22.93561804,-43.17554203,Brasil,-1.0
503953059559788544,2014-08-25 14:12:27 -0300,RT @evilravenna: manifesta√ß√£o de indies revoltados no twitter pois lorde √© mais rock que arctic monkeys,,,Rio Branco - Acre / Brasil,-1.0
498879185998606336,2014-08-11 14:10:41 -0300,Vai ser um grande momento de manifesta√ß√£o do Amor de Deus.  Motive o seu Grupo de Ora√ß√£o. http://t.co/UUO7yzOjNP,,,Florianopolis -SC,-1.0
498888819106525185,2014-08-11 14:48:58 -0300,"EST√Å AQUI O V√çDEO DA MANIFESTA√á√ÉO PACIFICA NA PRA√áA DA MATRIZ EM TATU√ç CONTRA O AUMENTO DO IPTU, O POVO XINGANDO... http://t.co/6fKRyix2io",,,TATUI SP,-1.0
498889575667101696,2014-08-11 14:51:58 -0300,"""difundir as ra√≠zes sertanejas enquanto manifesta√ß√£o cultural e art√≠stica a partir da m√∫sica rom√¢ntica...""",,,S√£o Caetano do Sul/SP,-1.0
498890105026007040,2014-08-11 14:54:04 -0300,"RT @RNSustentavel: Termina hoje(11), √†s 23h59 o prazo para Manifesta√ß√£o de Interesse nos Editais 001, 002 e 003. Inscri√ß√µes no site http://‚Ä¶",,,"",-1.0
498896363233755136,2014-08-11 15:18:56 -0300,e tem gente l√° se doendo que t√° tendo manifesta√ß√£o e t√£o quebrando vitrine de loja mas esqueceram que 1 garoto inocente foi morto.,,,"Sp,Brasil.",-1.0
498897453924372481,2014-08-11 15:23:16 -0300,Gostei de um v√≠deo @YouTube de @jliopiva http://t.co/WLclRmDxWN MANIFESTA√á√ÉO PACIFICA NA PRA√áA DA MATRIZ EM TATU√ç - SP CONTRA O,,,TATUI SP,-1.0
498909554374365185,2014-08-11 16:11:21 -0300,"RT @BispoMacedo: Por causa da manifesta√ß√£o da f√©, Deus faz o imposs√≠vel.",,,"",-1.0
498909375395028992,2014-08-11 16:10:39 -0300,@afonso3d averigua√ß√µes e provid√™ncias. Receber√° resposta √† sua manifesta√ß√£o atrav√©s dos meios solicitados.,,,Rio de Janeiro,-1.0
498915896534917120,2014-08-11 16:36:33 -0300,Flamengo √© pego de surpresa e espera manifesta√ß√£o do jogador http://t.co/9C9hLxj9wJ || #GloboEsporte,,,"",-1.0
498918512732413952,2014-08-11 16:46:57 -0300,"Hoje meu dia est√° sendo muito corrido, grava√ß√£o de v√≠deo, reuni√£o, passada na manifesta√ß√£o das ocupa√ß√µes e agora aula.",,,Belo Horizonte,-1.0
498918528414543873,2014-08-11 16:47:01 -0300,Adorei a manifesta√ß√£o das nossas meninas @scheilacarvalhooficial! kkkkk Obrigada a @sheilamelloqueen pela gostosa... http://t.co/pF1n1Wy5xP,,,S√£o Paulo | Brazil,-1.0
498919800043610112,2014-08-11 16:52:04 -0300,RT @caapiaui: Ponto facultativo adia manifesta√ß√£o dos advogados piauienses - http://t.co/4XnAl7PC43 http://t.co/c3iUkLTHdE,,,"√úT: -5.065683,-42.794682",-1.0
498920248691924993,2014-08-11 16:53:51 -0300,"Caso Luiz Antonio: pego de surpresa, Fla espera manifesta√ß√£o do jogador http://t.co/UcXGBESqML",,,Flamengo,-1.0
498922426697531392,2014-08-11 17:02:30 -0300,RT @Guerreiro_FFC: Parceria entre Fla e fornecedora prev√™ rescis√£o ou multa por vexames http://t.co/8LGlAgx2Dr ‚Ä¶ http://t.co/Kqwv9ckCU5 ‚Ä¶,,,RJ,-1.0
498928218007937025,2014-08-11 17:25:31 -0300,"Orgulho feminino nesses tempos de manifesta√ß√£o pol√≠tica de g√™nero, quando mulheres v√£o √† ruas mostrando peitos,... http://t.co/6Vqu6v2TfW",,,Brasil,-1.0
498929181011369984,2014-08-11 17:29:21 -0300,"Depoimento sem dano, CFESS divulga nova Manifesta√ß√£o Jur√≠dica com o posicionamento da entidade sobre a suspens√£o... http://t.co/dx1kCl2b1G",,,Salvador,-1.0
498930656437886976,2014-08-11 17:35:12 -0300,@juliococielo Julio se vc n fase video novo vai junta eu eos mlk aqui da vila vai fase uma manifesta√ßao na sua casa,,,"",-1.0
498942785635246080,2014-08-11 18:23:24 -0300,"Entre os objetivos do projeto est√£o: ""difundir as ra√≠zes sertanejas enquanto manifesta√ß√£o cultural e art√≠stica a... http://t.co/12JSo55hKD",,,S√£o Manuel,-1.0
498944624724307968,2014-08-11 18:30:43 -0300,"""Vou ser o governador q vai lutar com voc√™s para q o estado de SP seja livre de qualquer manifesta√ß√£o homof√≥bica ou racista"", @padilhando",,,S√£o Paulo - Brazil,-1.0
498945157669343232,2014-08-11 18:32:50 -0300,"RT @MudaMais: ""Pra q esse estado seja livre de qlq manifesta√ß√£o homof√≥bica e racista"" @padilhando  \o/ #EstudantesComDilma",,,Osasco,-1.0
498945467167035392,2014-08-11 18:34:03 -0300,"Caso Luiz Antonio: pego de surpresa, Fla espera manifesta√ß√£o do jogador. http://t.co/ywjlAPGL33",,,Brasil,-1.0
498945687309254656,2014-08-11 18:34:56 -0300,"Hoje a manifesta√ß√£o vai ser pacifica, igual a a√ß√£o da policia na periferia..",,,"",-1.0
498945622431789057,2014-08-11 18:34:41 -0300,"RT @FolhaPolitica: Black Bloc preso em manifesta√ß√£o diz que participou das FARC, assume ser comunista, defende St√°lin e diz que vai... http‚Ä¶",,,BRAZIL,-1.0
498949406537043968,2014-08-11 18:49:43 -0300,"comentarei atrasado pra variar,prevejo minha manifesta√ß√£o de √≥dio pela Gery",,,"Shipper,17",-1.0
499507165984731136,2014-08-13 07:46:03 -0300,Eu acho que esse povo deveria arrumar um emprego em vez de ficar atrapalhando tr√¢nsito e as pessoas que est√£o indo trabalhar #Manifesta√ß√£o,,,Belo Horizonte,-1.0
499510026294534144,2014-08-13 07:57:25 -0300,AHAHAHAHA http://t.co/0ohzti32Ly TOMARA Q VC CONSIGA IR P RUSSIA AMIGUINHO E N VOLTE MAIS ESTAMOS TORCENDO POR VC,,,/dev/null,-1.0
499510193726967808,2014-08-13 07:58:05 -0300,"Da Presidente a chefe de quadra, falar errado para o PT √© quest√£o de sem√¢ntica ou seria manifesta√ß√£o f√¥nica do signo lingu√≠stico? Idiotice?",,,Brazil,-1.0
499579110864470016,2014-08-13 12:31:56 -0300,"O garoto da CDD t√° sendo operado. Ainda n√£o tem manifesta√ß√£o por l√°, parece q vai ser mais pra noite...",,,Rio de Janeiro,-1.0
499578692574904320,2014-08-13 12:30:16 -0300,@Marta01Rocha Sua manifesta√ß√£o foi direcionada a empresa. Receber√° resposta atrav√©s dos meios de contato. Estamos √† disposi√ß√£o.,,,Rio de Janeiro,-1.0
501911862192406529,2014-08-19 23:01:27 -0300,"Vai em manifesta√ß√£o pra tirar foto, n√£o assiste debate do pr√≥x. governador pq n√£o quer. Gente assim n√£o merece ter o direito de votar.",,,Rio de Janeiro,-1.0
501911249442340865,2014-08-19 22:59:01 -0300,Eu n√£o ouvi manifesta√ß√£o de plateia...,,,Duque de Caxias,-1.0
501911069083058178,2014-08-19 22:58:18 -0300,Pezao diz que avancou com direitos sociais...... e o direito √† manifestacao?,,,"Rio de Janeiro - RJ, Brazil",-1.0
501910918012600320,2014-08-19 22:57:42 -0300,RT @BehtShalom: A minha cama espera ansiosamente pela manifesta√ß√£o do meu sono,,,"S√£o luis/MA, Brazil",-1.0
501910228984922112,2014-08-19 22:54:58 -0300,RT @BlogOlhoNaMira: Venezuela √© aqui: dupla de corajosos impedindo manifesta√ß√£o pac√≠fica  http://t.co/NOHzwNZGst,,,fone 81 85073545,-1.0
501909605761708032,2014-08-19 22:52:29 -0300,A minha cama espera ansiosamente pela manifesta√ß√£o do meu sono,,,Cear√°,-1.0
502036054661419008,2014-08-20 07:14:57 -0300,a imprensa dizendo que os alunos PROCURAM A REPRESS√ÉO PULICIAL CARA ELES VIVEM DISSO DAS MANIFESTA√á√ÉO ISSO √â UM DESPERD√çCIO DE DINHEIRO PUBL,,,S√£o Paulo,-1.0
502037584118558721,2014-08-20 07:21:02 -0300,O povo perde o direito de se manifestar pq a pol√≠cia maltrata e massacra qualquer atitude #usp #manifesta√ß√£o #acordabrasil,,,"",-1.0
502141461044154369,2014-08-20 14:13:48 -0300,@GPFBCBC  Sua manifesta√ß√£o foi direcionada a empresa,,,Rio de Janeiro,-1.0
502207213822554112,2014-08-20 18:35:04 -0300,T√∫nel do tempo | O povo de Bel√©m toma para si a alegre miss√£o de resgatar a cultura como manifesta√ß√£o de massa. A... http://t.co/7Vh0qop3R9,,,"Bel√©m, Par√°, Brasil",-1.0
502207301139562496,2014-08-20 18:35:25 -0300,RT @DaspTheBest: Vou fazer uma manifesta√ß√£o para que o fio do carregador tenha no minimo 2 metros,,,"",-1.0
502208063718567936,2014-08-20 18:38:27 -0300,Flores! A Natureza em sua mais bela manifesta√ß√£o!,,,Feira de Santana - Ba,-1.0
502241678720524288,2014-08-20 20:52:02 -0300,Que linda essa manifesta√ß√£o... Ainda bem que j√° passou.,,, Tarada ‚Ñ¢  €û,-1.0
502245938262704128,2014-08-20 21:08:57 -0300,Extra terrestres s√£o as  5.000.000.000.000. de oportunidades que o Universo oferece de manifesta√ß√£o da vida. http://t.co/sAOIdIxqCO,,,Piracicaba (Brasil),-1.0
502250531503734787,2014-08-20 21:27:12 -0300,"Bateu uma saudade de quando fizeram o gigante acordar, e todo dia tinha manifesta√ß√£o, protesto, #Vemprarua e etc...",,,Bras√≠lia ,-1.0
502251021461372929,2014-08-20 21:29:09 -0300,"RT @fmei7777: Dias 20 e 21 de setembro haver√° uma gigante manifesta√ß√£o pelo clima.
http://t.co/tAzots1OGh",,,Brasil,-1.0
502251333484019713,2014-08-20 21:30:23 -0300,"RT @larryproofsBRA: [ Larry Shippers fizeram uma ""manifesta√ß√£o"" na foto do Harry. ]

Logo depois ele twittou ""Amo todo mundo"". http://t.co/‚Ä¶",,,"",-1.0
502256884913815552,2014-08-20 21:52:27 -0300,"A manifesta√ß√£o que era pra ser contra a viol√™ncia, deixa mais feridos como consequ√™ncia...",-22.8201401,-43.1812776,"",-1.0
502263943176650753,2014-08-20 22:20:30 -0300,acho que as manifesta√ß√£o no ct surgiram efeito,,,Curitiba - PR,-1.0
502263962063626240,2014-08-20 22:20:34 -0300,"RT @caiomartinshen: A universidade n√∫mero 1 do Brasil, vive em manifesta√ß√£o.  Belo exemplo de controle e intelig√™ncia USP.",,,"",-1.0
502264191504629760,2014-08-20 22:21:29 -0300,"RT @luciabortolazzo: @biacall8 @RedeGlobo @portaldaband  E pior sal√°rio, n√£o adianta fazer manifesta√ß√£o pq o governador, manda pol√≠cia desc‚Ä¶",,,"",-1.0
502264804720250880,2014-08-20 22:23:55 -0300,Concordo com a manifesta√ß√£o da galera at√© aqui. Hudson muito bem no jogo. E o Denilson tamb√©m. Ambos atrapalhando a vida do Dalessandro.,,,S√£o Paulo,-1.0
502264974845435904,2014-08-20 22:24:36 -0300,Concordo com a manifesta√ß√£o da galera at√© aqui. Hudson muito bem no jogo. E o Denilson tamb√©m. Ambos atrapalhando a vida do Dalessandro.,,,"",-1.0
502267167275245568,2014-08-20 22:33:19 -0300,RT @amissaonordeste: Amanh√£ estaremos conhecendo mais um povoado (no Cear√°) que est√° necessitado da manifesta√ß√£o da Igreja. Orem para que D‚Ä¶,,,"",-1.0
502267799491059714,2014-08-20 22:35:49 -0300,"Aquele Momento Que Vs Quer Andar Mais R√°pido Mais Tem Uma Manifesta√ß√£o De Gente Na Sua Frente! 
Pior Que Zumbi!
Kkk'",,,"",-1.0
502269706200702976,2014-08-20 22:43:24 -0300,"Uma vez confirmado o diagn√≥stico de esclerose m√∫ltipla, uma doen√ßa inflamat√≥ria desmielizante, com manifesta√ß√£o remitente-recorrente,",,,Brasil,-1.0
502270307735175168,2014-08-20 22:45:47 -0300,Para mim √© modinha manifesta√ß√£o passiva.  Essa tem que causar impacto,,,"",-1.0
502270137979117569,2014-08-20 22:45:07 -0300,"Mas a realidade mesmo e q vcs tao postando coisa do iPhone de vcs, embaixo da saia tem aquele nike e √© paz mas ta apoiando manifesta√ß√£o",,,sp,-1.0
502277586404139008,2014-08-20 23:14:43 -0300,"@larimdlr √© um ato falho, pode ser uma manifesta√ß√£o reprimida no seu inconsciente.",,,Dourados-MS,-1.0
502279120336998400,2014-08-20 23:20:48 -0300,"@JustFocles @danibenser a luta contra o preconceito, ela √© di√°ria, mo√ßo. E come√ßa n√£o achando gra√ßa neste tipo de manifesta√ß√£o. :)",,,Brasil ,-1.0
502279780369465344,2014-08-20 23:23:26 -0300,RT @amissaonordeste: Amanh√£ estaremos conhecendo mais um povoado (no Cear√°) que est√° necessitado da manifesta√ß√£o da Igreja. Orem para que D‚Ä¶,,,cabo frio-RJ,-1.0
502281443809447937,2014-08-20 23:30:02 -0300,A ocasi√£o faz a manifesta√ß√£o,,,S√£o Paulo,-1.0
502282849656262656,2014-08-20 23:35:37 -0300,Kkkk manifesta√ß√£o,,,"",-1.0
502284134014672898,2014-08-20 23:40:44 -0300,Gostei de um v√≠deo @YouTube http://t.co/B5pmirII2t Ol√≠mpio Faz Manifesta√ß√£o Contra a farsa do governador Alckmin,,,MIRAND√ìPOLIS-SP,-1.0
502285524183556096,2014-08-20 23:46:15 -0300,"Geralmente eu fico decepcionada com remakes, se inventarem remake de hp e eu ainda estiver viva, farei manifesta√ß√£o contra.",,,Santo andr√© - SP,-1.0
502290902938038272,2014-08-21 00:07:38 -0300,N√£o pode ter uma manifesta√ß√£o de sentimento aqui que j√° √© depress√£o,,,Brazil,-1.0
502295963705544704,2014-08-21 00:27:44 -0300,"RT @dafnesampaio: n√£o basta destruir a USP, tem que tamb√©m bater e dar tiro em grevistas http://t.co/eDyVeeEr5F parab√©ns @geraldoalckmin_",,,"",-1.0
502296676112297984,2014-08-21 00:30:34 -0300,sentindo a manifesta√ß√£o de √°cido l√°tico nas minhas pernas,,,"",-1.0
502297246260822017,2014-08-21 00:32:50 -0300,Eu deveria ter ficado dormindo hj üò¥ s√≥ perdi meu tempo vendo a manifesta√ß√£o jsbsjshdhdjdjd porque n√©,,,"",-1.0
502297655331291136,2014-08-21 00:34:27 -0300,RT @domingasdelsant: @rekaran3 quem n√£o aparece mais? Necessitamos uma manifesta√ß√£o em BSB,,,"",-1.0
502302374124613633,2014-08-21 00:53:12 -0300,"N√£o nascemos, nem morremos. Como toda energia, n√≥s simplesmente mudamos de forma, de tamanho e de manifesta√ß√£o.... http://t.co/rIUNPSAcYR",,,"Osasco, S√£o Paulo - Brasil ",-1.0
502319004279926786,2014-08-21 01:59:17 -0300,"gata, vc n √© manifesta√ß√£o mas fez o meu gigante acordar""",,,Arraial do cabo,-1.0
502331207460585472,2014-08-21 02:47:47 -0300,"@luizflavioassis @biacall8 Somos as m√°quinas. Uma manifesta√ß√£o popular com 10, 15 mil contra o PIG nas ruas, n√£o seria eficaz e oportuno?",,,"",-1.0
502333405481426946,2014-08-21 02:56:31 -0300,@biacall8 Bia.N√£o √© poss√≠vel que n√£o tenha entendido ainda que me refiro a uma manifesta√ß√£o popular nossa contra o PIG nas ruas.Se n√£o d√°...,,,"",-1.0
502345498708410368,2014-08-21 03:44:34 -0300,#Mundo: Pol√≠cia prende mais de 40 pessoas em manifesta√ß√£o em Ferguson http://t.co/kBNaonvNMq,,,"Macei√≥, Alagoas",-1.0
502357298720026624,2014-08-21 04:31:28 -0300,"At√© o procurador-geral da Rep√∫blica, Roberto Gurgel, considera ""extremamente relevante"" manifesta√ß√£o da Comiss√£o de √âtica da Pres sobre Lupi",,,S√£o Chico,-1.0
502369996132327424,2014-08-21 05:21:55 -0300,"J√° alguma vez se viu neste pais uma manifesta√ß√£o, ou greve dos pol√≠ticos?",,,Portugal,-1.0
502387860037967872,2014-08-21 06:32:54 -0300,Iam fazer uma manifesta√ß√£o anti-racismo e queriam for√ßar a entrada num espa√ßo semi-p√∫blico? #Portugalist√£o,,,"Porto, Portugal",-1.0
502392839410814976,2014-08-21 06:52:41 -0300,"Gritos de manifesta√ß√£o aqui na Sabara ??
OMG",-23.6730166,-46.6863368,"S√£o Paulo, SP",-1.0
502397394613719040,2014-08-21 07:10:47 -0300,@mrcaio Haha at√© agora n√£o teve manifesta√ß√£o de ningu√©m que n√£o se importa.,,,Brasil,-1.0
502397531931049984,2014-08-21 07:11:20 -0300,Bah 7 horas da manha e o povo fazendo manifesta√ß√£o...,,,Rio Grande do Sul,-1.0
502899970702581760,2014-08-22 16:27:51 -0300,vai ter manifesta√ß√£o larry nos coment√°rios do video do louis? eh isso mesmo gkjkhfjkdjk,,,Brazil ,-1.0
502900107139104768,2014-08-22 16:28:23 -0300,ESTOU COMPARTILHANDO N√ÉO POR MANIFESTA√á√ÉO EM DEFESA DE POLITICA E SIM PQ A RESPOSTA DESSA MULHER √â DIGNA DE APLAUSOS! http://t.co/KGUetSGy1C,,,Recife,-1.0
502900267067531264,2014-08-22 16:29:01 -0300,@bethcastilho vamos ver como ser√° conduzido este caso. Precisamos saber inclusive se foi feito BO mesmo. Mas parece q ter√° manifesta√ß√£o,,,s√£o paulo/br,-1.0
502900610870837248,2014-08-22 16:30:23 -0300,@dayaarthur @tevivodolerelei VAMO TODO MUNDO FAZER MANIFESTA√á√ÉO PRO SHOW DE P√â!!!!! haha Chama a @desireesaibert que quero ver algu√©m sentar,,,"",-1.0
502902896883929088,2014-08-22 16:39:28 -0300,"Ningu√©m merece manifesta√ß√£o, trasando o bglho todo ..",-22.8776834,-43.251349,"",-1.0
502903555737399297,2014-08-22 16:42:05 -0300,"Segundo SindServSV, professores realizar√£o passeata e manifesta√ß√£o.
Prefeitura afirma que est√° dispon√≠vel para conversar com categoria.",,,"",-1.0
502909417042767872,2014-08-22 17:05:23 -0300,"RT @gu_afonso: N√£o precisa de manifesta√ß√£o contra imprensa n√£o.. ""Jornal Nacional: 82 minutos negativos para Dilma e s√≥ 4 positivos"" http:/‚Ä¶",,,"",-1.0
502910700663369728,2014-08-22 17:10:29 -0300,"""H√° quem veja nisto mais uma manifesta√ß√£o de radicalismo, fundamentalismo e outros desmandos do Tribunal... http://t.co/egyG8HZzLy",,,viseu,-1.0
502912052974067713,2014-08-22 17:15:51 -0300,RT @pistolinhaas: bora criar uma manifesta√ß√£o contra o pessoal do facebook que vem para o twitter??,,,longe mas sempre perto,-1.0
502912469317464064,2014-08-22 17:17:31 -0300,"A cada cidade, um novo apoio,a cada passo, uma manifesta√ß√£o de for√ßa nesta caminhada! Prof.Valfrido Arau√°,t√° conosco! http://t.co/vG2FRQWzUR",,,"Sergipe, Brasil",-1.0
502913638500679680,2014-08-22 17:22:09 -0300,n vou participar dessa manifesta√ß√£o no ig do louis,,,Brazil ,-1.0
502915564508282880,2014-08-22 17:29:48 -0300,"Tomaram que tenha ""manifesta√ß√£o"" kkkkkkkk!!!!",,,Graja√∫ ,-1.0
502936925775216641,2014-08-22 18:54:41 -0300,Obra aborda os fundamentos jur√≠dicos e a regulamenta√ß√£o do Procedimento de Manifesta√ß√£o de Interesse: http://t.co/1O6bdxeXtK,,,S√£o Paulo,-1.0
502938041967976448,2014-08-22 18:59:08 -0300,Se lembram disso? Rede de Marina coleta assinaturas em passeata anti-gay e em defesa da ‚Äúfam√≠lia e bons costumes‚Äù.  http://t.co/PRYbk5k5hP ‚Ä¶,,,Rio de Janeiro,-1.0
502938798968537089,2014-08-22 19:02:08 -0300,"""A cada um √© dada a manifesta√ß√£o do Esp√≠rito, em vista do bem de todos.""  http://t.co/aDTk4AWD0r http://t.co/4SWSnD15nt",,,"Cuiab√°, Mato Grosso",-1.0
502938960356990978,2014-08-22 19:02:47 -0300,RT @Marcia_Borbo: Se lembram disso? Rede de Marina coleta assinaturas em passeata anti-gay e em defesa da ‚Äúfam√≠lia e bons costumes‚Äù.  http:‚Ä¶,,,Porto Alegre,-1.0
502938950340984836,2014-08-22 19:02:44 -0300,Foi a primeira vez que vi uma manifesta√ß√£o,,,"",-1.0
502938929595957248,2014-08-22 19:02:39 -0300,"RT @padre_paulo: ""A cada um √© dada a manifesta√ß√£o do Esp√≠rito, em vista do bem de todos.""  http://t.co/aDTk4AWD0r http://t.co/4SWSnD15nt",,,Cachoeira Paulista - SP,-1.0
498944624724307968,2014-08-11 18:30:43 -0300,"""Vou ser o governador q vai lutar com voc√™s para q o estado de SP seja livre de qualquer manifesta√ß√£o homof√≥bica ou racista"", @padilhando",,,S√£o Paulo - Brazil,-1.0
498944616268562435,2014-08-11 18:30:41 -0300,"""Pra q esse estado seja livre de qlq manifesta√ß√£o homof√≥bica e racista"" @padilhando  \o/ #EstudantesComDilma",,,"",-1.0
498944419979329536,2014-08-11 18:29:54 -0300,Nem para mil√≠cia fazer press√£o para arbitragem inventar uns p√™naltis marotos... http://t.co/AWZJcIvwB8,,,"Natal, RN | Brasil ",-1.0
498942322961571840,2014-08-11 18:21:34 -0300,@jeanncarlo_ tava tendo manifesta√ß√£o,,,"",-1.0
498942134720790528,2014-08-11 18:20:49 -0300,"Por causa da manifesta√ß√£o da f√©, Deus faz o imposs√≠vel.",,,"",-1.0
498941779061006337,2014-08-11 18:19:24 -0300,A juventude quer liberdade de manifesta√ß√£o... Vamos ousar... Vamos inovar? #JuventudecomDilma,,,Brasil,-1.0
496750486645911553,2014-08-05 17:11:59 -0300,"Se sobrepomos dados de ra√ßa/cor e sexo, vemos como h√° a manifesta√ß√£o clara do machismo e do racismo em nossa sociedade #Seppir",,,Bras√≠lia,-1.0
496607988875276288,2014-08-05 07:45:45 -0300,"Foi uma grande manifesta√ß√£o de apoio a um jovem candidato a Deputado Estadual,
Firmino Paulo 45145. http://t.co/yEyrwFx7GA",,,BRASIL,-1.0
506235316676861952,2014-08-31 21:21:19 -0300,"Forte manifesta√ß√£o de F√°bio Koff sobre o racismo: ""um problema que transcende a dire√ß√£o do Gr√™mio, j√° atingiu a esfera cultural e policial"".",,,Porto Alegre | RS,-1.0
506232670121365504,2014-08-31 21:10:48 -0300,@iuryguercio manifesta√ß√£o menos,,,"",-1.0
506232681735393280,2014-08-31 21:10:51 -0300,"@Fc_LuginGamer se ele tiver namorando eu mato a mina q estiver namorando, crio uma greve, uma manifesta√ß√£o",,,Alguma Bosta,-1.0
506227117244170240,2014-08-31 20:48:44 -0300,Felip√£o pede um basta ao racismo e diz que manifesta√ß√£o racista no est√°dio √© uma bobagem e considera atos absurdos.,,,Porto Alegre,-1.0
506114328089870336,2014-08-31 13:20:33 -0300,"E isso deve partir de sua pr√≥pria torcida. Viu manifesta√ß√£o racista no est√°dio? Filma, chama a pol√≠cia, FA√áA ALGUMA COISA!!,",,,Porto Alegre,-1.0
505724191665295360,2014-08-30 11:30:17 -0300,RT @V4sc0_: dev√≠amos fazer grande manifesta√ß√£o para a escola n√£o come√ßar,,,"",-1.0
505602966481797120,2014-08-30 03:28:35 -0300,"Vivemos um tempo grandioso no quesito ""espa√ßo de manifesta√ß√£o do pensamento"". Diante dessa grandiosidade, venho... http://t.co/kKwhoGJ3C1",,,Rio Branco - Acre,-1.0
505539874221350912,2014-08-29 23:17:53 -0300,"- O Black Metal √© uma manifesta√ß√£o art√≠stica bem complexa, n√£o somente por conta de suas letras nem de sua... http://t.co/Onj9LAM15B",,,S√£o Paulo - SP,-1.0
505536079278395392,2014-08-29 23:02:48 -0300,"Eu pe√ßo isso h√° mais de 3 anos. Quem me conhece daqui, sabe os Por qu√™s!!! Manifesta√ß√£o Popular contra m√≠dia Suja! Quem lembra?",,,"",-1.0
505533086038126592,2014-08-29 22:50:54 -0300,"Putz, o meu direito de livre manifesta√ß√£o pol√≠tica foi duramente criticado por um ""amigo"" aqui do Face. Outro dia... http://t.co/seknstgNNK",,,"Santos,SP",-1.0
505524313383268352,2014-08-29 22:16:03 -0300,"J√° n√£o basta ser roubado at√© as cueca pelos pol√≠ticos, ainda ter q ler manifesta√ß√£o politica no twitter √© o √≥ n√©, v√£o se foder todos",,,"",-1.0
505515788997238784,2014-08-29 21:42:10 -0300,Ficar b√™bado e come√ßar a falar em outra l√≠ngua... Manifesta√ß√£o da intelig√™ncia ou encosto?,,,S√£o Paulo
505515221603975168,2014-08-29 21:39:55 -0300,@itsmydirections Preciso de aliados para manifesta√ß√£o :(,,,"",-1.0
505431733609955328,2014-08-29 16:08:10 -0300,Nada mais t√≠pico que uma manifesta√ß√£o do complexo de Freud Flinstone! http://t.co/aX4daEZZGi,,,"Betim, Minas Gerais",-1.0
505158624692666368,2014-08-28 22:02:56 -0300,RT @SNewsGremio: Manifesta√ß√£o racista contra o Aranha. Lament√°vel...,,,"",-1.0
505137180734652416,2014-08-28 20:37:43 -0300,RT @RosisoRoberta: Clubes e ligas exigem elei√ß√£o na FPF e acusam interventores de golpistas: Documento de manifesta√ß√£o foi assinado http:/‚Ä¶,,,"",-1.0
504087327589675008,2014-08-25 23:05:59 -0300,Fogo atinge policial durante manifesta√ß√£o na Venezuela http://t.co/U03Je4Xv8u,,,alvorada,-1.0
504073590493687809,2014-08-25 22:11:23 -0300,@lukaschimba √© assim q tu me trata depois da minha manifesta√ß√£o de carinho ok,,,poa,-1.0
504073453184757761,2014-08-25 22:10:51 -0300,"Mas na minha opini√£o tem dois lados realmente as pessoas s√≥ olham pro problema qnd rola uma manifesta√ß√£o grande, ent√£o n√£o foi de todo ruim",,,"",-1.0
498128077197959169,2014-08-09 12:26:03 -0300,"Eu ia fazer um belo cartaz hoje para manifesta√ß√£o, mas a pregui√ßa foi maior do que qualquer revolu√ß√£o",,,"S√£o Paulo, Brasil",-1.0
498126875412414464,2014-08-09 12:21:16 -0300,"Inciso 4¬∫, do artigo 5¬∫, da Constitui√ß√£o Federal: ‚Äú√â livre a manifesta√ß√£o do pensamento, sendo vedado o anonimato‚Äù.",,,Brasil,-1.0
498126323358117890,2014-08-09 12:19:04 -0300,"Manifesta√ß√£o de verdade √© em dia de expediente, na pra√ßa principal da cidade, com REVOLTA e GRITOS! O resto √© PERFUMARIA!",,,LUIZ HENRIQUE PARAHYBA,-1.0
497886307767840768,2014-08-08 20:25:20 -0300,"RT @prbispo7: Ap√≥s 50 dias orando e Jejuando podemos sentir a manifesta√ß√£o do Esp√≠rito Santo. #Pentecostes10Mil @pastorotimar http://t.co‚Ä¶",,,"",-1.0
497886245956354048,2014-08-08 20:25:05 -0300,"@joaolimajr @Teledramaturgia nossa!!! Ia ter at√© manifesta√ß√£o na rua!!! As pessoas est√£o ficando muito chatas, n√©?",,,S√£o Paulo/ BR,-1.0
498138044021891072,2014-08-09 13:05:39 -0300,"Photo: Minha √∫nica manifesta√ß√£o pol√≠tica, n√£o postarei mais nada, a n√£o ser que me encham o saco üòâ... http://t.co/22Mfw1YI0B",,,Araras - Sp,-1.0
499943784499929088,2014-08-14 12:41:01 -0300,"RT @Marcelo_Astuto: Garoto √© atingido em escola na CDD, kd a manifesta√ß√£o da popula√ß√£o local? Se fosse a @PMERJ estaria um Caos na CDD!",,,Rio de Janeiro,-1.0
499944839589294080,2014-08-14 12:45:12 -0300,"Paquist√£o: oposi√ß√£o inicia marcha pela sa√≠da do premi√™: A manifesta√ß√£o maior desafio ao governo de Sharif, ape... http://t.co/k83Pge5Kub",,,Brazil,-1.0
499953947709550592,2014-08-14 13:21:24 -0300,"@ParisFilmes O dia 19 chegou para lacrar qualquer manifesta√ß√£o inimiga neh? Hahaha http://t.co/5BFd39BNH3",,,"Teresina,Brasil ",-1.0
500482181865947137,2014-08-16 00:20:25 -0300,Nariz mais congestionado do que a Av. Paulista quando tem manifesta√ß√£o,,,"",-1.0
497775386592563200,2014-08-08 13:04:35 -0300,"Idiotas √∫teis seguindo a cartilha da m√≠dia esquerda caviar fazem manifesta√ß√£o em supermercado franc√™s, v√£o l√°... http://t.co/7El3jAvUPt",,,"",-1.0
497688336853897216,2014-08-08 07:18:40 -0300,Se eu n√£o receber hj vai piar manifesta√ß√£o,,,"",-1.0
500481097202155520,2014-08-16 00:16:06 -0300,C√™s acreditam que minha vizinha saiu dizendo que ia p uma manifesta√ß√£o e era essa festa do estudante? Manifesta√ß√£o de √°lcool pode at√© ser...,,,S√£o Lu√≠s,-1.0
497787354292432896,2014-08-08 13:52:08 -0300,melhor trilha sonora pro expediente: os gritos dos sem-teto fazendo manifesta√ß√£o na rua,,,S√£o Paulo,-1.0
497503978650079232,2014-08-07 19:06:06 -0300,"Ela tr√°s as palavras de afli√ß√£o que ningu√©m ouve aquele grito de raiva na manifesta√ß√£o do povo",,,"",-1.0
497500319253688320,2014-08-07 18:51:33 -0300,An√∫ncios que n√£o d√£o pra pular: Manifesta√ß√£o do Dem√¥nio.,,,S√£o paulo - Capital.,-1.0
504126427152007168,2014-08-26 01:41:21 -0300,"Foi muito lindo, pelo menos para as mam√£es e papais corujas. Centro recebe manifesta√ß√£o pelo folclore http://t.co/Ctjav3LTVb",,,"Imbituba, SC",-1.0
504124300757336064,2014-08-26 01:32:54 -0300,Manifesta√ß√£o de carapanans nesse quarto,,,Skype: Samsfigueiredo,-1.0
504127985470164992,2014-08-26 01:47:32 -0300,"Migalhas Quentes - PL torna obrigat√≥ria manifesta√ß√£o do juiz sobre medidas cautelares antes de decretar a pris√£o http://t.co/yZelXuGkX4",-10.9285789,-37.0701586,Aracaju - SE,-1.0