501689018552434688,2014-08-19 08:15:57 -0300,"RT @cbnbhz: Tr√¢nsito fechado na Pedro I, perto do Viabrasil, no sentido centro. Manifesta√ß√£o de moradores de pr√©dios vizinhos ao viaduto qu‚Ä¶",,,Belo Horizonte
501686725480304640,2014-08-19 08:06:50 -0300,RT @thiagoreisbh: Protesto neste momento na Av Pedro I em frente ao Via Brasil. Transito totalmente parado. Manifesta√ß√£o‚Ä¶ http://t.co/JpG0L‚Ä¶,,,Aonde o Cruzeiro estiver !
501680625473302528,2014-08-19 07:42:36 -0300,"RT @cbnbhz: Tr√¢nsito fechado na Pedro I, perto do Viabrasil, no sentido centro. Manifesta√ß√£o de moradores de pr√©dios vizinhos ao viaduto qu‚Ä¶",,,BH MG Uai!!!!
500297444178292737,2014-08-15 12:06:20 -0300,"RT @PRF191MG: 12h- Em Pouso Alegre,BR 381, km 850, manifesta√ß√£o popular, 70 pessoas, j√° causa  3 km de congestionamento nos 2 sentidos",,,""
500297073057886208,2014-08-15 12:04:51 -0300,"RT @JessicaHelp: Manifesta√ß√£o contra reintegra√ß√£o de posse fecha avenida em Sumar√©, SP: Cerca de 250 moradores da ... http://t.co/bvwJAYOXn‚Ä¶",,,""
499972660357771266,2014-08-14 14:35:45 -0300,"RT @CETSP_: 14h30 Atualiza√ß√£o: Avenida Professor Francisco Morato liberada em rela√ß√£o √† manifesta√ß√£o, sentido bairro, junto Avenida Vital B‚Ä¶",,,kuwait
499972649460977664,2014-08-14 14:35:43 -0300,"RT @CETSP_: 14h33 Manifesta√ß√£o interdita Avenida Morumbi, sentido bairro, junto Rua Engenheiro Oscar Americano. #ZS",,,kuwait
499952772792741888,2014-08-14 13:16:44 -0300,Manifesta√ß√£o em frente a Prefeitura Municipal de Canela-RS/Brasil,,,Rio Grande do Sul
498206734163656705,2014-08-09 17:38:36 -0300,"RT @GilCampos_go: RT @marcio0403 P√ßa C√≠vica - Manifesta√ß√£o Contra a falta de Seguran√ßa em Goi√°s. http://t.co/mArocrYoE9",,,GOI√ÅS - BRASIL
498205980102897664,2014-08-09 17:35:36 -0300,Manifesta√ß√£o cobra tratamentos de fertilidade em planos de sa√∫de http://t.co/yaUFb9AIRi,,,Muriqui/Mangaratiba/RJ
498828813888151552,2014-08-11 10:50:31 -0300,"RT @dudu_aritana: Manifesta√ßao agora pra√ßa civica,,e agora @marconiperillo Povo de goiania quer seguran√ßa publica de qualidade http://t.co‚Ä¶",,,Goi√¢nia/GO - Brasil
498144802928484352,2014-08-09 13:32:30 -0300,"Protesto interdita rodovia Arthur Bernardes, em Bel√©m: Moradores de √°rea de invas√£o fazem manifesta√ß√£o neste s... http://t.co/1Zvn90CHAJ",,,Brasil
498130172558589952,2014-08-09 12:34:22 -0300,Moradores realizam manifesta√ß√£o - Panorama de Not√≠cias - Panorama de Not√≠cias http://t.co/tr2qdeXXjy,,,""
498129707653550080,2014-08-09 12:32:31 -0300,Trabalhadores do Poder Judici√°rio Federal na Para√≠ba realizam manifesta√ß√£o no @TREPBjusbr | #SemReajusteSemElei√ß√£o http://t.co/xbuGKtLi5v,,,Campina Grande - PB
498128969427083264,2014-08-09 12:29:35 -0300,"RT @AnadeteMaciel: S√°bado, 9 de agosto √†s 16:00 na Pra√ßa C√≠vica Manifesta√ß√£o contra o assassinato em s√©rie de mulheres em Goi√¢nia.https://t‚Ä¶",,,Porangatu
498125815826370561,2014-08-09 12:17:03 -0300,RT @BadBoyFrancisco: @belemtransito rodovia Arthur Bernardes #interditada nas proximidades do Ciaba motivo manifesta√ß√£o,,,"Bel√©m, Par√°, Brasil"
498125215784660992,2014-08-09 12:14:40 -0300,Casais que querem tratamento para engravidar fazem manifesta√ß√£o em S√£o Paulo http://t.co/w9UtqLYxWs,,,S√£o Paulo
498115042126987264,2014-08-09 11:34:15 -0300,Moradores bloqueiam ponte para pedir seguran√ßa na Zona Norte de Teresina: Manifesta√ß√£o aconteceu na manh√£ dest... http://t.co/hogOjfV8h1,,,BR
497884838968700928,2014-08-08 20:19:30 -0300,"#S√© Rua Augusta liberada ap√≥s manifesta√ß√£o, altura da Rua Ant√¥nio Carlos. (CET) #spagora",,,S√£o Paulo - SP
497859677129285632,2014-08-08 18:39:31 -0300,"Protesto na Av. Paulista sentido Consola√ß√£o, regi√£o do MASP. Cautela pela Bela Vista galera! #Manifesta√ß√£o",,,S√£o Paulo
497859015184220160,2014-08-08 18:36:53 -0300,"18h36 Manifesta√ß√£o na Av. Paulista, sentido Consola√ß√£o, junto ao MASP. #ZC",,,S√£o Paulo - SP
497858385103298561,2014-08-08 18:34:23 -0300,Integrantes de ocupa√ß√µes irregulares realizam manifesta√ß√£o no Centro. http://t.co/WdaNkNNWPE #Ocupa√ß√µes #Manifesta√ß√µes #HojeEmDia,,,Belo Horizonte
497858329687760896,2014-08-08 18:34:10 -0300,Manifesta√ß√£o interdita vias do Centro do Rio: Cruzamento da Av. Presidente Vargas com Rio Branco estava interd... http://t.co/Pai3F8Yyst,,,""
497720592842633217,2014-08-08 09:26:51 -0300,"#Tr√¢nsito: Uma manifesta√ß√£o acontece neste manh√£ no bairro de S√£o Marcos, pr√≥ximo √† Cesta do Povo. O tr√°fego est√°... http://t.co/naC4nuueg6",,,"Salvador, Bahia Brazil"
497720592842633217,2014-08-08 09:26:51 -0300,"#Tr√¢nsito: Uma manifesta√ß√£o acontece neste manh√£ no bairro de S√£o Marcos, pr√≥ximo √† Cesta do Povo. O tr√°fego est√°... http://t.co/naC4nuueg6",,,"Salvador, Bahia Brazil"
497706696295198720,2014-08-08 08:31:38 -0300,√çndios de Graja√∫ protestam por melhorias na educa√ß√£o ind√≠gena: √çndios realizaram uma manifesta√ß√£o na Pra√ßa Ped... http://t.co/o49eRh9MYv,,,""
497705426512003072,2014-08-08 08:26:35 -0300,"RT @AnadeteMaciel: S√°bado, 9 de agosto √†s 16:00 na Pra√ßa C√≠vica Manifesta√ß√£o contra o assassinato em s√©rie de mulheres em Goi√¢nia.https://t‚Ä¶",,,""
497704548291457024,2014-08-08 08:23:05 -0300,Manifestantes bloqueiam BR-324 em Feira de Santana: Um grupo de moradores realiza uma manifesta√ß√£o na manh√£ de... http://t.co/pGtEzpnn38,,,""
497702989898186752,2014-08-08 08:16:54 -0300,"#Tr√¢nsito: Rodovi√°rios realizam uma manifesta√ß√£o neste momento no final de linha da Praia do Flamengo, pedindo melhorias na infraestrutura.",,,""
497702518609022976,2014-08-08 08:15:01 -0300,"Manifesta√ß√£o fecha BR-324 em Feira de Santana na manh√£ desta sexta-feira: De acordo com a PRF, protesto √© real... http://t.co/JFSJ4tYPaD",,,""
497702467724115968,2014-08-08 08:14:49 -0300,"#Tr√¢nsito: Neste momento acontece uma manifesta√ß√£o na BR-324, pr√≥ximo a Feira de Santana, que deixa o tr√°fego travado na rodovia.",,,""
497697380230512640,2014-08-08 07:54:36 -0300,"RT @AnadeteMaciel: S√°bado, 9 de agosto √†s 16:00 na Pra√ßa C√≠vica Manifesta√ß√£o contra o assassinato em s√©rie de mulheres em Goi√¢nia.https://t‚Ä¶",,,Goi√¢nia-Go
497696862833737728,2014-08-08 07:52:33 -0300,"Para ser mais preciso a manifesta√ß√£o na BR 324 est√° sendo realizada no Km 523, sentido Salvador x Feira de Santana",,,""
497530937794891776,2014-08-07 20:53:13 -0300,"RT @27Pbr: #27publicidade SP - 20h25: Manifesta√ß√£o fecha vias do Centro: No hor√°rio, grupo fechava totalmente Largo do Pa... http://t.co/wa‚Ä¶",,,#timbeta
497530220023664641,2014-08-07 20:50:22 -0300,RT @juzao: Plant√£o juzao informa que a Raposo Tavares ta parada por causa de uma manifesta√ß√£o no km21 fuja s√©rio,,,""
497528371165667329,2014-08-07 20:43:01 -0300,"SP - 20h25: Manifesta√ß√£o fecha vias do Centro: No hor√°rio, grupo fechava totalmente Largo do ... http://t.co/mpSrPlGH2z #renatogottschal",,,Brasil
497528781645426688,2014-08-07 20:44:39 -0300,SP - 20h25: Manifesta√ß√£o fecha vias do Centro http://t.co/yLPUVTFwBP,,,""
497501989774036992,2014-08-07 18:58:12 -0300,"ATO CONTRA O AUMENTO DA PASSAGEM DE √îNIBUS EM CAMPINAS - SP http://t.co/rqtpP4FRpn #Manifesta√ß√£o, Campinas, Transporte P√∫blico",,,Brasil
497494169477459968,2014-08-07 18:27:07 -0300,"Manifesta√ß√£o em frente ao terminal, porra galerinha",,,Vila Velha - ES
497422485772857344,2014-08-07 13:42:16 -0300,RT @g1goias: Grupo faz manifesta√ß√£o contra assassinatos de mulheres em Goi√¢nia http://t.co/lbpNa0LF6L,,,Goi√¢nia (GO)
497317231743991808,2014-08-07 06:44:02 -0300,"RT @rstnoar: MANIFESTA√á√ÉO: Na frente do Port√£o 1 da USP, na av. Afr√¢nio Peixoto. Ainda n√£o h√° bloqueio de vias, mas os port√µes est√£o fechad‚Ä¶",,,kuwait
497315652357857280,2014-08-07 06:37:45 -0300,"06h31 Manifesta√ß√£o na Av. Afr√¢nio Peixoto, ambos sentidos, junto R. Alvarenga. #ZO",,,S√£o Paulo - SP
497205012024799233,2014-08-06 23:18:07 -0300,Aprovados no concurso da PMJP realizam manifesta√ß√£o - Al√¥ Concurseiro http://t.co/fms0d1uZd9,,,Brazil
496992405502320640,2014-08-06 09:13:17 -0300,Manifesta√ß√£o continua na Av. Gal Costa; Av. Paralela melhora no sentido Aeroporto. Leia mais: http://t.co/Qh2ixqJ2NE  #metro1,,,""
496982718790791168,2014-08-06 08:34:48 -0300,Manifesta√ß√£o congestiona tr√¢nsito na rotat√≥ria do Porto de Aratu. Leia mais: http://t.co/CgUnY0X8sf,,,Bahia
496982725593554944,2014-08-06 08:34:49 -0300,Grupo protesta com cartazes e pneus em via; tr√¢nsito trava na Av. Gal Costa: Manifesta√ß√£o acontece na manh√£ de... http://t.co/qvS742XE71,,,bombinhas
496855676397027328,2014-08-06 00:09:59 -0300,A CET informa: Av dos Nacionalistas liberada em rela√ß√£o a manifesta√ß√£o na altura da Avenida Aguiar da Beira.,,,Alphaville
496803611184099328,2014-08-05 20:43:05 -0300,SP - 19h45: Manifesta√ß√£o bloqueia Avenida dos Nacionalistas: Grupo fechava a via de Aricanduva nos dois sentid... http://t.co/Hv7JuNw52S,,,""
503185238634561536,2014-08-23 11:21:24 -0300,"RT @OficialBHTRANS: 11h17 Manifesta√ß√£o: Manifestantes ocupam a faixa da direita da Av. Afonso Pena, na P√ßa Sete sentido Mangabeiras sem pre‚Ä¶",,,Belo Horizonte
503886703929864193,2014-08-25 09:48:46 -0300,RT @titojoelbeta: Protesto contra racismo congestiona tr√¢nsito no Centro de Porto Alegre: Manifesta√ß√£o reuniu entre 100 e 200 pe... http://‚Ä¶,,,""
503897313929334785,2014-08-25 10:30:56 -0300,"@rstnoar manifesta√ß√£o na sa√≠da da usp, port√£o principal. Pessoal est√° sai do da usp",,,""
503901038215446528,2014-08-25 10:45:44 -0300,"#Butant√£ Manifesta√ß√£o interdita Rua Alvarenga, sentido √∫nico, junto √† Av. Afr√¢nio Peixoto. (CET) #spagora",,,S√£o Paulo - SP
503901510317907968,2014-08-25 10:47:36 -0300,"Aten√ß√£o: Pista bloqueada nos dois sentidos, no Km 580. Motivo: manifesta√ß√£o dos familiares de presos da PEC.",,,""
503901618514173952,2014-08-25 10:48:02 -0300,"Manifesta√ß√£o interdita totalmente a Rua Alvarenga, sentido √∫nico, pr√≥ximo √† Avenida Afr√¢nio Peixoto, na regi√£o Oeste.",,,S√£o Paulo
503903113498349568,2014-08-25 10:53:58 -0300,"10h53 Atualiza√ß√£o: Manifesta√ß√£o em passeata interdita Av. Vital Brasil, sentido centro, pr√≥ximo √† Rua Pirajussara. #ZO",,,S√£o Paulo - SP
503915003364524033,2014-08-25 11:41:13 -0300,"RT @radiobandnewsfm: #SP: Uma manifesta√ß√£o segue em passeata pela Avenida Rebou√ßas, sentido centro, pr√≥ximo √† Rua Capit√£o Ant√¥nio Rosa.",,,Guarulhos sp
503917540599668736,2014-08-25 11:51:18 -0300,Manifesta√ß√£o na Henrique Schaumann sentido Sumar√©...algu√©m sabe o que √©?!??,,,Buenos Aires / Brasil
503918598881300481,2014-08-25 11:55:30 -0300,"Manifesta√ß√£o, agora, de funcion√°rios da Copasa, na Rua Mar de Espanha, no bairro Santo Ant√¥nio",,,Contagem / MG
503919082052141056,2014-08-25 11:57:26 -0300,#EBC Manifesta√ß√£o de funcion√°rios da USP interdita importante avenida de S√£o Paulo http://t.co/trakneyNhG,,,""
503919042571554816,2014-08-25 11:57:16 -0300,"Manifesta√ß√£o em passeata ocupa duas faixas na Rua Henrique Schaumann, sentido Sumar√©, pr√≥ximo √† Avenida Rebou√ßas.",,,S√£o Paulo
503951267237224448,2014-08-25 14:05:19 -0300,Manifesta√ß√£o interdita importante avenida de S√£o Paulo - http://t.co/S8FjNNkCD3 #SaoPaulo http://t.co/fD3rMoV3Vw,,,""
503964011604344832,2014-08-25 14:55:58 -0300,Manifesta√ß√£o dos rodovi√°rios ocupa trecho da Avenida Conde da Boa Vista: Grupo estava na altura da Rua do Hosp... http://t.co/jl24V59Oma,,,""
504029178753077248,2014-08-25 19:14:55 -0300,Manifesta√ß√£o complica o tr√¢nsito na Estrada das Barreiras: Uma manifesta√ß√£o na Estrada das Barreiras interromp... http://t.co/EVX3vCKfK4,,,""
504033425422942208,2014-08-25 19:31:47 -0300,Recife - 19h20: Manifesta√ß√£o complica tr√¢nsito na Avenida Caxang√°: Grupo estava na altura do Pernambuco da Sor... http://t.co/rSH2Q5AkwQ,,,""
504274687388839936,2014-08-26 11:30:29 -0300,Rua Acre segue com uma faixa interditada na altura da Av. Rio Branco devido a manifesta√ß√£o. Reten√ß√µes na via http://t.co/Lm4m4ijpB0,,,Rio de Janeiro
504336278532657152,2014-08-26 15:35:13 -0300,"RT @rstnoar: Manifesta√ß√£o ocupa totalmente a rua Doutor Eurico Rangel, no acesso para a avenida Vereador Jos√© Diniz.",,,""
495278396230733825,2014-08-01 15:42:26 -0300,Professores realizam manifesta√ß√£o contra decis√£o judicial em Fortaleza: Liminar da Justi√ßa determinou a suspen... http://t.co/JG0U1YGoAG,,,""
495333640335683584,2014-08-01 19:21:57 -0300,Educadores de Uberl√¢ndia fazem manifesta√ß√£o na porta da Prefeitura: Ato foi contra Plano de Cargos e Carreira ... http://t.co/Plc3gfngpl,,,""
495695114103058432,2014-08-02 19:18:19 -0300,"Grupo faz churrasco em rodovia no RS em protesto por melhorias: Manifesta√ß√£o reuniu cerca de 100 pessoas √†s m... http://t.co/notPWmjbNf",,,""
495754578848387074,2014-08-02 23:14:36 -0300,Em Salvador Manifesta√ß√£o congestiona o tr√¢nsito na BA-528,-12.9687952,-39.2437947,St¬∞Ant¬∞deJesus/Salvador
495977454066880513,2014-08-03 14:00:14 -0300,"Centenas de pessoas fazem ato pr√≥-Israel em Belo Horizonte: Segundo representante, manifesta√ß√£o pede fim do co... http://t.co/6ogi8sKy7f",,,""
504961547387826176,2014-08-28 08:59:49 -0300,"N√£o me interessa a causa dos manifestantes. Bloquear via p√∫blica n√£o √© manifesta√ß√£o, √© abuso. E dos graves!",,,Porto Alegre
504484395127173120,2014-08-27 01:23:47 -0300,RT @DaniloGentili: Se o Levy Fidelix ganhar a elei√ß√£o convocarei uma manifesta√ß√£o pelo movimento passe livre de aerotrem.,,,""
504483794515406848,2014-08-27 01:21:24 -0300,"RT @GTMacalossi: Em sua manifesta√ß√£o final, A√©cio produziu a not√≠cia de amanh√£: Arm√≠nio Fraga ser√° seu Ministro da Fazenda. Fechou com chav‚Ä¶",,,Rio de Janeiro
504482437981032448,2014-08-27 01:16:00 -0300,"sobre o lance da brava tenho 2 coisas pra dizer - armandinho √© foda - s√≥ ir l√° fazer manifesta√ß√£o n√£o vai impedir ningu√©m de derrubar tudo",,,""
504397071420370944,2014-08-26 19:36:47 -0300,"RT @agenciapublica: Justi√ßa decide manter preso ex-morador de rua detido perto de manifesta√ß√£o no RJ em 2013: http://t.co/g5kGtbj0UJ http:/‚Ä¶",,,Brazil
504258057292238848,2014-08-26 10:24:24 -0300,dia 5 manifesta√ßao aqui na raposo mais uma desculpa pra eu falta,,,""
504127985470164992,2014-08-26 01:47:32 -0300,"Migalhas Quentes - PL torna obrigat√≥ria manifesta√ß√£o do juiz sobre medidas cautelares antes de decretar a pris√£o http://t.co/yZelXuGkX4",-10.9285789,-37.0701586,Aracaju - SE
504126427152007168,2014-08-26 01:41:21 -0300,"Foi muito lindo, pelo menos para as mam√£es e papais corujas. Centro recebe manifesta√ß√£o pelo folclore http://t.co/Ctjav3LTVb",,,"Imbituba, SC"
504124300757336064,2014-08-26 01:32:54 -0300,Manifesta√ß√£o de carapanans nesse quarto,,,Skype: Samsfigueiredo
503362490387144704,2014-08-23 23:05:44 -0300,"@YannisWasHere √© sim, n√£o deveria ter rea√ß√£o violenta numa manifesta√ß√£o pac√≠fica. √â a mania do Alckimin de jogar o choque em tudo.",,,In the Fog
502868283570552833,2014-08-22 14:21:56 -0300,"N√£o contribui com quem @marisapadula1?  Art 5¬∞, IV da CF/88 - √© livre a manifesta√ß√£o do pensamento, sendo vedado o anonimato. Ainda posso...",,,Brasil
502866733288669185,2014-08-22 14:15:46 -0300,"RT @Corleonediz: Fodasse tudo a por aquela foto ""America"" depois ""Africa"" mas depois nunca v√£o a nenhuma manifesta√ß√£o pataqueiros da merda",,,"ms, Portugal"
502865610590924802,2014-08-22 14:11:19 -0300,"""manifesta√ß√£o de rep√∫dio contra edward luz, o difamador inimigo dos povos ind√≠genas"" http://t.co/0xI2uNAkHu",,,Rio de Janeiro
502864683481985026,2014-08-22 14:07:37 -0300,"Se fazem isso no rio, vem o Grupo Anonymous e faz uma grande manifesta√ß√£o pra poder falar mal da policia... mas... http://t.co/cWMw5o1Fg6",,,"√úT: -22.41164,-42.95992"
502857561188868097,2014-08-22 13:39:19 -0300,@LCorato avisar oqe minha morena d√° manifesta√ß√£o?,,,""
502856423328743424,2014-08-22 13:34:48 -0300,"@GaloDoido49 Hj bate um arrependimento kkk - ""Vamo fazer uma manifesta√ß√£o na quinta-feira pro Kalil mudar o estatuto e ficar na presidencia""",,,Em algum lugar do universo
502854611120574464,2014-08-22 13:27:36 -0300,"Em um senso puramente l√≥gico e fatual, toda manifesta√ß√£o expl√≠cita e ativa de esquerda evidencia certo... http://t.co/5K2zwb4Q73",,,S√£o Paulo
502842283583344640,2014-08-22 12:38:37 -0300,@TiagoLeifert nao vi TO em manifesta√ß√£o e nem quebrando a cidade antes da Copa.. Se for pra acabar com TO acabe com o PT que faz coisa pior,,,S√£o Paulo
497495705460944896,2014-08-07 18:33:13 -0300,RT @Hei_M0rena_: @Hei_Ingr1d Vamo fazer manifesta√ß√£o √µ/ #VoltaTamiko,,,Sorocaba
497496107422064641,2014-08-07 18:34:49 -0300,Alguem foi pra manifesta√ß√£o ?,,,""
497497016550043649,2014-08-07 18:38:26 -0300,"@mathewmatos Informamos que sua manifesta√ß√£o j√° est√° sendo acompanhado pelo ""Reclame Aqui"". Favor aguardar contato da √°rea respons√°vel.",,,""
497497451066949635,2014-08-07 18:40:10 -0300,"RT @AcordouAcordou: O SINDICATO DOS BANCARIOS DO PT FEZ ALGUMA MANIFESTA√á√ÉO? SOLTOU ALGUMA BOMBA?4 FORAM demitidos DO SANTANDER ap√≥s an√°l‚Ä¶",,,Natal - Rio Grande do Norte
497498218960150528,2014-08-07 18:43:13 -0300,"A sess√£o de hoje contou com a manifesta√ß√£o dos vereadores Daniel Guerra/PRB, Denise Pessoa/PT e Gladis Frizzo/PSB no grande expediente.",,,Caxias do Sul
497499569987805184,2014-08-07 18:48:35 -0300,Amanh√£ podia ter manifesta√ß√£o denovo kaka,,,""
497500319253688320,2014-08-07 18:51:33 -0300,An√∫ncios que n√£o d√£o pra pular: Manifesta√ß√£o do Dem√¥nio.,,,S√£o paulo - Capital.
497501039026008064,2014-08-07 18:54:25 -0300,Justi√ßa manda soltar manifestantes presos durante protesto em S√£o Paulo. http://t.co/c0shkhId8g #Manifesta√ß√£o #Brasil http://t.co/4Lzt9joPrr,,,Belo Horizonte
497501384431116288,2014-08-07 18:55:47 -0300,"Manifesta√ß√£o justa, se 3,20 tava foda 3,30 num da da!",,,""
497501622311071744,2014-08-07 18:56:44 -0300,bruno me viu na manifesta√ß√£o,,,""
497503978650079232,2014-08-07 19:06:06 -0300,"Ela tr√°s as palavras de afli√ß√£o que ningu√©m ouve aquele grito de raiva na manifesta√ß√£o do povo",,,""
497663975098966017,2014-08-08 05:41:52 -0300,Ta tendo manifesta√ß√£o dos trabalhadores aqui hnjkihnjk t√£o pedindo aumento,,,"Piracicaba, SP"
497610111087419393,2014-08-08 02:07:50 -0300,[V√çDEO] Candidatos se atacam com tema de manifesta√ß√£o http://t.co/MQ7JA3zheO,,,""
497669504668008448,2014-08-08 06:03:50 -0300,faze uma manifesta√ß√£o pra n√£o ter aula na sexta e nem precisa ir trabalha.,,, te amo danielle indiota ‚ô°
497688336853897216,2014-08-08 07:18:40 -0300,Se eu n√£o receber hj vai piar manifesta√ß√£o,,,""
497697166945968128,2014-08-08 07:53:46 -0300,Acho que vou colar nessa manifesta√ß√£o que vai ter ter√ßa,,,Jo√£o Pessoa
497697346357329920,2014-08-08 07:54:28 -0300,"Aconteceu aluma coisa na P.A.Cabral? Manifesta√ß√£o,acidente...est√£o informando que esta parada demais...#Tr√¢nsitoJP",,,"Bel√©m, Par√°, Brasil"
497775386592563200,2014-08-08 13:04:35 -0300,"Idiotas √∫teis seguindo a cartilha da m√≠dia esquerda caviar fazem manifesta√ß√£o em supermercado franc√™s, v√£o l√°... http://t.co/7El3jAvUPt",,,""
497778982071570433,2014-08-08 13:18:52 -0300,"#Antissemitismo - na Europa #1: em Hamburgo, um idoso judeu foi espancado numa manifesta√ß√£o pr√≥-Israel;",,,Sao Paulo - SP - Brazil
497787354292432896,2014-08-08 13:52:08 -0300,melhor trilha sonora pro expediente: os gritos dos sem-teto fazendo manifesta√ß√£o na rua,,,S√£o Paulo
497789774959104000,2014-08-08 14:01:45 -0300,A revis√£o do acto tribut√°rio como manifesta√ß√£o do princ√≠pio da verdade material http://t.co/Aq7EdMy3gy,,,Portugal
500374428308733952,2014-08-15 17:12:14 -0300,"EU JURO Q SE A DEMI √ë GANHAR, VOU FAZER UMA MANIFESTA√á√ÉO üò° #votedemilovato",,,""
500375048759566336,2014-08-15 17:14:42 -0300,"@IImsouls obrig, mas se a Demi √± ganhar, e ela ficar triste na semana do anivers√°rio dela, vou fazer manifesta√ß√£o",,,""
500377708615176192,2014-08-15 17:25:16 -0300,@yourgirlbruna manifesta√ß√£o,,,""
500481097202155520,2014-08-16 00:16:06 -0300,C√™s acreditam que minha vizinha saiu dizendo que ia p uma manifesta√ß√£o e era essa festa do estudante? Manifesta√ß√£o de √°lcool pode at√© ser...,,,S√£o Lu√≠s
500482181865947137,2014-08-16 00:20:25 -0300,Nariz mais congestionado do que a Av. Paulista quando tem manifesta√ß√£o,,,""
500489174211121152,2014-08-16 00:48:12 -0300,"RT @dhiobarbosaa_: uma pessoa fria n√£o sobrevive no deserto,sem amor no cora√ß√£o n√£o existe afeto.. sem manifesta√ß√£o nunca se sabe o certo..",,,Santos
499971655704535040,2014-08-14 14:31:46 -0300,obrigada por essa manifesta√ß√£o de carinho Angelina Jolie... abra√ßos http://t.co/ZThvyWloas,-21.60851425,-46.88979381,s√£o jos√© do rio pardo - sp
499966461381967872,2014-08-14 14:11:08 -0300,RT @cynaramenezes: de onde copiamos nosso modelo de pol√≠cia? rep√≥rter preso durante manifesta√ß√£o nos EUA hoje ---&gt; https://t.co/BJtDnJuzKN,,,""
499958424135032832,2014-08-14 13:39:11 -0300,"Est√° com vergonha da manifesta√ß√£o contr√°ria √©, @ecbahia? Assuma suas merdas!",,,""
499958219398479872,2014-08-14 13:38:22 -0300,RT @DonnaOlihe: Esc√≥ria petista em manifesta√ß√£o expl√≠cita de estupidez semi-humana!. http://t.co/Kd0ciU0jBR,,,""
499956813593600001,2014-08-14 13:32:47 -0300,"@TozzaFla   SEDE DA G√ÅVEA, E FAZER UMA MANIFESTA√á√ÉO PAC√çFICA DE APOIO √Ä ATUAL DIRETORIA DO FLAMENGO",,,Macei√≥/AL / ARACAJU /SE
499955827923382273,2014-08-14 13:28:52 -0300,"PARA APRENDERMOS MAIS E MAIS...E o que √© esse luto oficial? Ele √© uma forma de manifesta√ß√£o de tristeza da na√ß√£o... http://t.co/SD4Cz9OmCL",,,""
499953947709550592,2014-08-14 13:21:24 -0300,"@ParisFilmes O dia 19 chegou para lacrar qualquer manifesta√ß√£o inimiga neh? Hahaha http://t.co/5BFd39BNH3",,,"Teresina,Brasil "
499950882893869056,2014-08-14 13:09:13 -0300,"Essa ""manifesta√ß√£o"" do Stella foi √≥tima, o povo deu uma volta no quarteir√£o e voltou pra escola kkkkk",,,""
499944839589294080,2014-08-14 12:45:12 -0300,"Paquist√£o: oposi√ß√£o inicia marcha pela sa√≠da do premi√™: A manifesta√ß√£o maior desafio ao governo de Sharif, ape... http://t.co/k83Pge5Kub",,,Brazil
499943784499929088,2014-08-14 12:41:01 -0300,"RT @Marcelo_Astuto: Garoto √© atingido em escola na CDD, kd a manifesta√ß√£o da popula√ß√£o local? Se fosse a @PMERJ estaria um Caos na CDD!",,,Rio de Janeiro
499943573828403201,2014-08-14 12:40:11 -0300,Manifesta√ß√£o de @Fetter_Jr sobre a perda se Eduardo Campos https://t.co/A4CnHov7Cf,,,Pelotas - RS - BRASIL
498201997057994752,2014-08-09 17:19:46 -0300,OPOSICAO PROMOVE MANIFESTACAO E O TORNA EVENTO POLITICO! APROVEITANDO PRA PROMOVER COMOCAO SOCIAL! @JB_Bittencourt http://t.co/ZybPhYzq6j,,,""
498138044021891072,2014-08-09 13:05:39 -0300,"Photo: Minha √∫nica manifesta√ß√£o pol√≠tica, n√£o postarei mais nada, a n√£o ser que me encham o saco üòâ... http://t.co/22Mfw1YI0B",,,Araras - Sp
498137428570677248,2014-08-09 13:03:12 -0300,Sas porra fazendo manifesta√ß√£o em pleno s√°bado!!!,-1.4097854,-48.4416432,""
498137162844737536,2014-08-09 13:02:09 -0300,"@ricardodpaixao Tudo est√° certo como Deus fez. Cada coisa, cada ser, cada mundo, cada estado de consci√™ncia √© a manifesta√ß√£o divina.",,,Paran√°-Brasil-Terra 
498132481884057600,2014-08-09 12:43:33 -0300,"RESULTADO DA MOSTRA ART√çSTICA NA CATEGORIA MANIFESTA√á√ÉO POPULAR!
Rei de Congo do Mestre Beb√©, Pastoril Dona... http://t.co/mJfWM3GtFl",,,Natal
498128077197959169,2014-08-09 12:26:03 -0300,"Eu ia fazer um belo cartaz hoje para manifesta√ß√£o, mas a pregui√ßa foi maior do que qualquer revolu√ß√£o",,,"S√£o Paulo, Brasil"
498126875412414464,2014-08-09 12:21:16 -0300,"Inciso 4¬∫, do artigo 5¬∫, da Constitui√ß√£o Federal: ‚Äú√â livre a manifesta√ß√£o do pensamento, sendo vedado o anonimato‚Äù.",,,Brasil
498126323358117890,2014-08-09 12:19:04 -0300,"Manifesta√ß√£o de verdade √© em dia de expediente, na pra√ßa principal da cidade, com REVOLTA e GRITOS! O resto √© PERFUMARIA!",,,LUIZ HENRIQUE PARAHYBA
498124154462564353,2014-08-09 12:10:27 -0300,"Sobre o #secret ""CF art. 5¬∞, inciso IV - √© livre a manifesta√ß√£o do pensamento, sendo vedado o anonimato."" Quer falar, fala na cara!",,,Pernambuco - Brasil
498115170775097345,2014-08-09 11:34:45 -0300,RT @fonseca_cesar: Aten√ß√£o companheiras e companheiros de Bras√≠lia e entorno. Hoje teremos manifesta√ß√£o de apoio √† Dilma no Conic √†s 14:00 ‚Ä¶,,,""
497895162886885376,2014-08-08 21:00:31 -0300,Irmandade Mu√ßulmana realiza grande manifesta√ß√£o pr√≥-Hamas na Jord√¢nia: Por Suleiman Al-Khalidi http://t.co/Kau6jfwIOo,,,""
497886307767840768,2014-08-08 20:25:20 -0300,"RT @prbispo7: Ap√≥s 50 dias orando e Jejuando podemos sentir a manifesta√ß√£o do Esp√≠rito Santo. #Pentecostes10Mil @pastorotimar http://t.co‚Ä¶",,,""
497886245956354048,2014-08-08 20:25:05 -0300,"@joaolimajr @Teledramaturgia nossa!!! Ia ter at√© manifesta√ß√£o na rua!!! As pessoas est√£o ficando muito chatas, n√©?",,,S√£o Paulo/ BR  